{
  "response": {
    "body": {
      "totalCount": 125,
      "items": [
        {
          "so2Grade": "1",
          "coFlag": null,
          "khaiValue": "51",
          "so2Value": "0.003",
          "coValue": "0.3",
          "pm25Flag": null,
          "pm10Flag": null,
          "o3Grade": "1",
          "pm10Value": "27",
          "khaiGrade": "2",
          "pm25Value": "10",
          "sidoName": "경기",
          "no2Flag": null,
          "no2Grade": "2",
          "o3Flag": null,
          "pm25Grade": "1",
          "so2Flag": null,
          "dataTime": "2022-08-16 21:00",
          "coGrade": "1",
          "no2Value": "0.031",
          "stationName": "신장동",
          "pm10Grade": "1",
          "o3Value": "0.023"
        },
        {
          "so2Grade": "1",
          "coFlag": null,
          "khaiValue": "53",
          "so2Value": "0.002",
          "coValue": "0.4",
          "pm25Flag": null,
          "pm10Flag": null,
          "o3Grade": "2",
          "pm10Value": "24",
          "khaiGrade": "2",
          "pm25Value": "10",
          "sidoName": "경기",
          "no2Flag": null,
          "no2Grade": "2",
          "o3Flag": null,
          "pm25Grade": "1",
          "so2Flag": null,
          "dataTime": "2022-08-16 21:00",
          "coGrade": "1",
          "no2Value": "0.031",
          "stationName": "미사",
          "pm10Grade": "1",
          "o3Value": "0.034"
        },
        {
          "so2Grade": "1",
          "coFlag": null,
          "khaiValue": "47",
          "so2Value": "0.002",
          "coValue": "0.3",
          "pm25Flag": null,
          "pm10Flag": null,
          "o3Grade": "1",
          "pm10Value": "14",
          "khaiGrade": "1",
          "pm25Value": "3",
          "sidoName": "경기",
          "no2Flag": null,
          "no2Grade": "1",
          "o3Flag": null,
          "pm25Grade": "1",
          "so2Flag": null,
          "dataTime": "2022-08-16 21:00",
          "coGrade": "1",
          "no2Value": "0.012",
          "stationName": "남양읍",
          "pm10Grade": "1",
          "o3Value": "0.028"
        },
        {
          "so2Grade": "1",
          "coFlag": null,
          "khaiValue": "-",
          "so2Value": "0.002",
          "coValue": "0.3",
          "pm25Flag": null,
          "pm10Flag": null,
          "o3Grade": "2",
          "pm10Value": "8",
          "khaiGrade": null,
          "pm25Value": "1",
          "sidoName": "경기",
          "no2Flag": null,
          "no2Grade": "1",
          "o3Flag": null,
          "pm25Grade": null,
          "so2Flag": null,
          "dataTime": "2022-08-16 21:00",
          "coGrade": "1",
          "no2Value": "0.008",
          "stationName": "향남읍",
          "pm10Grade": "1",
          "o3Value": "0.038"
        },
        {
          "so2Grade": "1",
          "coFlag": null,
          "khaiValue": "53",
          "so2Value": "0.004",
          "coValue": "0.2",
          "pm25Flag": null,
          "pm10Flag": null,
          "o3Grade": "2",
          "pm10Value": "18",
          "khaiGrade": "2",
          "pm25Value": "6",
          "sidoName": "경기",
          "no2Flag": null,
          "no2Grade": "1",
          "o3Flag": null,
          "pm25Grade": "1",
          "so2Flag": null,
          "dataTime": "2022-08-16 21:00",
          "coGrade": "1",
          "no2Value": "0.013",
          "stationName": "동탄",
          "pm10Grade": "1",
          "o3Value": "0.033"
        },
        {
          "so2Grade": "1",
          "coFlag": null,
          "khaiValue": "58",
          "so2Value": "0.001",
          "coValue": "0.3",
          "pm25Flag": null,
          "pm10Flag": null,
          "o3Grade": "2",
          "pm10Value": "23",
          "khaiGrade": "2",
          "pm25Value": "5",
          "sidoName": "경기",
          "no2Flag": null,
          "no2Grade": "1",
          "o3Flag": null,
          "pm25Grade": "1",
          "so2Flag": null,
          "dataTime": "2022-08-16 21:00",
          "coGrade": "1",
          "no2Value": "0.004",
          "stationName": "우정읍",
          "pm10Grade": "1",
          "o3Value": "0.039"
        },
        {
          "so2Grade": "1",
          "coFlag": null,
          "khaiValue": "37",
          "so2Value": "0.002",
          "coValue": "0.3",
          "pm25Flag": null,
          "pm10Flag": null,
          "o3Grade": "1",
          "pm10Value": "23",
          "khaiGrade": "1",
          "pm25Value": "7",
          "sidoName": "경기",
          "no2Flag": null,
          "no2Grade": "1",
          "o3Flag": null,
          "pm25Grade": "1",
          "so2Flag": null,
          "dataTime": "2022-08-16 21:00",
          "coGrade": "1",
          "no2Value": "0.016",
          "stationName": "청계동",
          "pm10Grade": "1",
          "o3Value": "0.022"
        },
        {
          "so2Grade": "1",
          "coFlag": null,
          "khaiValue": "55",
          "so2Value": "0.002",
          "coValue": "0.3",
          "pm25Flag": null,
          "pm10Flag": null,
          "o3Grade": "2",
          "pm10Value": "5",
          "khaiGrade": "2",
          "pm25Value": "5",
          "sidoName": "경기",
          "no2Flag": null,
          "no2Grade": "1",
          "o3Flag": null,
          "pm25Grade": "1",
          "so2Flag": null,
          "dataTime": "2022-08-16 21:00",
          "coGrade": "1",
          "no2Value": "0.008",
          "stationName": "새솔동",
          "pm10Grade": "1",
          "o3Value": "0.036"
        },
        {
          "so2Grade": "1",
          "coFlag": null,
          "khaiValue": "55",
          "so2Value": "0.002",
          "coValue": "0.4",
          "pm25Flag": null,
          "pm10Flag": null,
          "o3Grade": "2",
          "pm10Value": "25",
          "khaiGrade": "2",
          "pm25Value": "10",
          "sidoName": "경기",
          "no2Flag": null,
          "no2Grade": "1",
          "o3Flag": null,
          "pm25Grade": "1",
          "so2Flag": null,
          "dataTime": "2022-08-16 21:00",
          "coGrade": "1",
          "no2Value": "0.004",
          "stationName": "봉담읍",
          "pm10Grade": "1",
          "o3Value": "0.036"
        },
        {
          "so2Grade": "1",
          "coFlag": null,
          "khaiValue": "47",
          "so2Value": "0.002",
          "coValue": "0.3",
          "pm25Flag": null,
          "pm10Flag": null,
          "o3Grade": "1",
          "pm10Value": "24",
          "khaiGrade": "1",
          "pm25Value": "11",
          "sidoName": "경기",
          "no2Flag": null,
          "no2Grade": "1",
          "o3Flag": null,
          "pm25Grade": "1",
          "so2Flag": null,
          "dataTime": "2022-08-16 21:00",
          "coGrade": "1",
          "no2Value": "0.006",
          "stationName": "서신면",
          "pm10Grade": "1",
          "o3Value": "0.028"
        },
        {
          "so2Grade": null,
          "coFlag": null,
          "khaiValue": "53",
          "so2Value": "-",
          "coValue": "0.3",
          "pm25Flag": null,
          "pm10Flag": null,
          "o3Grade": "2",
          "pm10Value": "19",
          "khaiGrade": "2",
          "pm25Value": "11",
          "sidoName": "경기",
          "no2Flag": null,
          "no2Grade": "1",
          "o3Flag": null,
          "pm25Grade": "1",
          "so2Flag": "자료이상",
          "dataTime": "2022-08-16 21:00",
          "coGrade": "1",
          "no2Value": "0.007",
          "stationName": "백석읍",
          "pm10Grade": "1",
          "o3Value": "0.033"
        },
        {
          "so2Grade": null,
          "coFlag": null,
          "khaiValue": "35",
          "so2Value": "-",
          "coValue": "0.5",
          "pm25Flag": null,
          "pm10Flag": null,
          "o3Grade": "1",
          "pm10Value": "19",
          "khaiGrade": "1",
          "pm25Value": "11",
          "sidoName": "경기",
          "no2Flag": null,
          "no2Grade": "1",
          "o3Flag": null,
          "pm25Grade": "1",
          "so2Flag": "자료이상",
          "dataTime": "2022-08-16 21:00",
          "coGrade": "1",
          "no2Value": "0.020",
          "stationName": "고읍",
          "pm10Grade": "1",
          "o3Value": "0.021"
        },
        {
          "so2Grade": null,
          "coFlag": null,
          "khaiValue": "43",
          "so2Value": "-",
          "coValue": "0.3",
          "pm25Flag": null,
          "pm10Flag": null,
          "o3Grade": "1",
          "pm10Value": "18",
          "khaiGrade": "1",
          "pm25Value": "11",
          "sidoName": "경기",
          "no2Flag": null,
          "no2Grade": "1",
          "o3Flag": null,
          "pm25Grade": "1",
          "so2Flag": "자료이상",
          "dataTime": "2022-08-16 21:00",
          "coGrade": "1",
          "no2Value": "0.007",
          "stationName": "보산동",
          "pm10Grade": "1",
          "o3Value": "0.026"
        },
        {
          "so2Grade": "1",
          "coFlag": null,
          "khaiValue": "59",
          "so2Value": "0.004",
          "coValue": "0.5",
          "pm25Flag": null,
          "pm10Flag": null,
          "o3Grade": "2",
          "pm10Value": "15",
          "khaiGrade": "2",
          "pm25Value": "7",
          "sidoName": "경기",
          "no2Flag": null,
          "no2Grade": "1",
          "o3Flag": null,
          "pm25Grade": "1",
          "so2Flag": null,
          "dataTime": "2022-08-16 21:00",
          "coGrade": "1",
          "no2Value": "0.013",
          "stationName": "봉산동",
          "pm10Grade": "1",
          "o3Value": "0.041"
        },
        {
          "so2Grade": "1",
          "coFlag": null,
          "khaiValue": "38",
          "so2Value": "0.003",
          "coValue": "0.4",
          "pm25Flag": null,
          "pm10Flag": null,
          "o3Grade": "1",
          "pm10Value": "20",
          "khaiGrade": "1",
          "pm25Value": "4",
          "sidoName": "경기",
          "no2Flag": null,
          "no2Grade": "1",
          "o3Flag": null,
          "pm25Grade": "1",
          "so2Flag": null,
          "dataTime": "2022-08-16 21:00",
          "coGrade": "1",
          "no2Value": "0.023",
          "stationName": "공도읍",
          "pm10Grade": "1",
          "o3Value": "0.023"
        },
        {
          "so2Grade": "1",
          "coFlag": null,
          "khaiValue": "67",
          "so2Value": "0.002",
          "coValue": "0.6",
          "pm25Flag": null,
          "pm10Flag": null,
          "o3Grade": "2",
          "pm10Value": "20",
          "khaiGrade": "2",
          "pm25Value": "13",
          "sidoName": "경기",
          "no2Flag": null,
          "no2Grade": "1",
          "o3Flag": null,
          "pm25Grade": "1",
          "so2Flag": null,
          "dataTime": "2022-08-16 21:00",
          "coGrade": "1",
          "no2Value": "0.010",
          "stationName": "죽산면",
          "pm10Grade": "1",
          "o3Value": "0.050"
        },
        {
          "so2Grade": "1",
          "coFlag": null,
          "khaiValue": "-",
          "so2Value": "0.002",
          "coValue": "0.5",
          "pm25Flag": "점검및교정",
          "pm10Flag": null,
          "o3Grade": "2",
          "pm10Value": "27",
          "khaiGrade": null,
          "pm25Value": "-",
          "sidoName": "경기",
          "no2Flag": null,
          "no2Grade": "1",
          "o3Flag": null,
          "pm25Grade": null,
          "so2Flag": null,
          "dataTime": "2022-08-16 21:00",
          "coGrade": "1",
          "no2Value": "0.022",
          "stationName": "중앙동(경기)",
          "pm10Grade": "1",
          "o3Value": "0.035"
        },
        {
          "so2Grade": "1",
          "coFlag": null,
          "khaiValue": "58",
          "so2Value": "0.003",
          "coValue": "0.4",
          "pm25Flag": null,
          "pm10Flag": null,
          "o3Grade": "2",
          "pm10Value": "25",
          "khaiGrade": "2",
          "pm25Value": "15",
          "sidoName": "경기",
          "no2Flag": null,
          "no2Grade": "1",
          "o3Flag": null,
          "pm25Grade": "1",
          "so2Flag": null,
          "dataTime": "2022-08-16 21:00",
          "coGrade": "1",
          "no2Value": "0.011",
          "stationName": "대신면",
          "pm10Grade": "1",
          "o3Value": "0.039"
        },
        {
          "so2Grade": "1",
          "coFlag": null,
          "khaiValue": "53",
          "so2Value": "0.002",
          "coValue": "0.3",
          "pm25Flag": null,
          "pm10Flag": null,
          "o3Grade": "2",
          "pm10Value": "29",
          "khaiGrade": "2",
          "pm25Value": "12",
          "sidoName": "경기",
          "no2Flag": null,
          "no2Grade": "1",
          "o3Flag": null,
          "pm25Grade": "1",
          "so2Flag": null,
          "dataTime": "2022-08-16 21:00",
          "coGrade": "1",
          "no2Value": "0.013",
          "stationName": "가남읍",
          "pm10Grade": "1",
          "o3Value": "0.033"
        },
        {
          "so2Grade": "1",
          "coFlag": null,
          "khaiValue": "33",
          "so2Value": "0.001",
          "coValue": "0.4",
          "pm25Flag": null,
          "pm10Flag": null,
          "o3Grade": "1",
          "pm10Value": "22",
          "khaiGrade": "1",
          "pm25Value": "4",
          "sidoName": "경기",
          "no2Flag": null,
          "no2Grade": "1",
          "o3Flag": null,
          "pm25Grade": "1",
          "so2Flag": null,
          "dataTime": "2022-08-16 21:00",
          "coGrade": "1",
          "no2Value": "0.003",
          "stationName": "연천",
          "pm10Grade": "1",
          "o3Value": "0.020"
        },
        {
          "so2Grade": null,
          "coFlag": "자료이상",
          "khaiValue": "-",
          "so2Value": "-",
          "coValue": "-",
          "pm25Flag": "자료이상",
          "pm10Flag": "자료이상",
          "o3Grade": null,
          "pm10Value": "-",
          "khaiGrade": null,
          "pm25Value": "-",
          "sidoName": "경기",
          "no2Flag": "자료이상",
          "no2Grade": null,
          "o3Flag": "자료이상",
          "pm25Grade": null,
          "so2Flag": "자료이상",
          "dataTime": "2022-08-16 12:00",
          "coGrade": null,
          "no2Value": "-",
          "stationName": "전곡",
          "pm10Grade": null,
          "o3Value": "-"
        },
        {
          "so2Grade": "1",
          "coFlag": null,
          "khaiValue": "-",
          "so2Value": "0.002",
          "coValue": "0.4",
          "pm25Flag": null,
          "pm10Flag": null,
          "o3Grade": "2",
          "pm10Value": "24",
          "khaiGrade": null,
          "pm25Value": "13",
          "sidoName": "경기",
          "no2Flag": null,
          "no2Grade": "1",
          "o3Flag": null,
          "pm25Grade": null,
          "so2Flag": null,
          "dataTime": "2022-08-16 21:00",
          "coGrade": "1",
          "no2Value": "0.005",
          "stationName": "가평",
          "pm10Grade": "1",
          "o3Value": "0.038"
        },
        {
          "so2Grade": "1",
          "coFlag": null,
          "khaiValue": "51",
          "so2Value": "0.002",
          "coValue": "0.5",
          "pm25Flag": null,
          "pm10Flag": null,
          "o3Grade": "2",
          "pm10Value": "37",
          "khaiGrade": "2",
          "pm25Value": "17",
          "sidoName": "경기",
          "no2Flag": null,
          "no2Grade": "1",
          "o3Flag": null,
          "pm25Grade": "1",
          "so2Flag": null,
          "dataTime": "2022-08-16 21:00",
          "coGrade": "1",
          "no2Value": "0.012",
          "stationName": "설악면",
          "pm10Grade": "1",
          "o3Value": "0.031"
        },
        {
          "so2Grade": null,
          "coFlag": null,
          "khaiValue": "58",
          "so2Value": "-",
          "coValue": "0.3",
          "pm25Flag": null,
          "pm10Flag": null,
          "o3Grade": "2",
          "pm10Value": "13",
          "khaiGrade": "2",
          "pm25Value": "8",
          "sidoName": "경기",
          "no2Flag": null,
          "no2Grade": "1",
          "o3Flag": null,
          "pm25Grade": "1",
          "so2Flag": "자료이상",
          "dataTime": "2022-08-16 21:00",
          "coGrade": "1",
          "no2Value": "0.005",
          "stationName": "용문면",
          "pm10Grade": "1",
          "o3Value": "0.040"
        },
        {
          "so2Grade": "1",
          "coFlag": null,
          "khaiValue": "62",
          "so2Value": "0.002",
          "coValue": "0.4",
          "pm25Flag": null,
          "pm10Flag": null,
          "o3Grade": "2",
          "pm10Value": "17",
          "khaiGrade": "2",
          "pm25Value": "8",
          "sidoName": "경기",
          "no2Flag": null,
          "no2Grade": "1",
          "o3Flag": null,
          "pm25Grade": "1",
          "so2Flag": null,
          "dataTime": "2022-08-16 21:00",
          "coGrade": "1",
          "no2Value": "0.011",
          "stationName": "양평읍",
          "pm10Grade": "1",
          "o3Value": "0.044"
        }
      ],
      "pageNo": 2,
      "numOfRows": 100
    },
    "header": {
      "resultMsg": "NORMAL_CODE",
      "resultCode": "00"
    }
  }
}
