{
  "response": {
    "body": {
      "totalCount": 21,
      "items": [
        {
          "so2Grade": "1",
          "coFlag": null,
          "khaiValue": "-",
          "so2Value": "0.001",
          "coValue": "0.3",
          "pm25Flag": null,
          "pm10Flag": null,
          "o3Grade": "1",
          "pm10Value": "27",
          "khaiGrade": null,
          "pm25Value": "8",
          "sidoName": "대구",
          "no2Flag": null,
          "no2Grade": "1",
          "o3Flag": null,
          "pm25Grade": null,
          "so2Flag": null,
          "dataTime": "2022-08-16 21:00",
          "coGrade": "1",
          "no2Value": "0.027",
          "stationName": "남산1동",
          "pm10Grade": null,
          "o3Value": "0.012"
        },
        {
          "so2Grade": "1",
          "coFlag": null,
          "khaiValue": "-",
          "so2Value": "0.001",
          "coValue": "0.4",
          "pm25Flag": null,
          "pm10Flag": null,
          "o3Grade": "1",
          "pm10Value": "12",
          "khaiGrade": null,
          "pm25Value": "10",
          "sidoName": "대구",
          "no2Flag": null,
          "no2Grade": "1",
          "o3Flag": null,
          "pm25Grade": "1",
          "so2Flag": null,
          "dataTime": "2022-08-16 21:00",
          "coGrade": "1",
          "no2Value": "0.026",
          "stationName": "수창동",
          "pm10Grade": null,
          "o3Value": "0.014"
        },
        {
          "so2Grade": "1",
          "coFlag": null,
          "khaiValue": "27",
          "so2Value": "0.001",
          "coValue": "0.6",
          "pm25Flag": null,
          "pm10Flag": null,
          "o3Grade": "1",
          "pm10Value": "17",
          "khaiGrade": "1",
          "pm25Value": "9",
          "sidoName": "대구",
          "no2Flag": null,
          "no2Grade": "1",
          "o3Flag": null,
          "pm25Grade": "1",
          "so2Flag": null,
          "dataTime": "2022-08-16 21:00",
          "coGrade": "1",
          "no2Value": "0.009",
          "stationName": "지산동",
          "pm10Grade": "1",
          "o3Value": "0.016"
        },
        {
          "so2Grade": "1",
          "coFlag": null,
          "khaiValue": "47",
          "so2Value": "0.001",
          "coValue": "0.6",
          "pm25Flag": null,
          "pm10Flag": null,
          "o3Grade": "1",
          "pm10Value": "19",
          "khaiGrade": "1",
          "pm25Value": "11",
          "sidoName": "대구",
          "no2Flag": null,
          "no2Grade": "1",
          "o3Flag": null,
          "pm25Grade": "1",
          "so2Flag": null,
          "dataTime": "2022-08-16 21:00",
          "coGrade": "1",
          "no2Value": "0.028",
          "stationName": "서호동",
          "pm10Grade": "1",
          "o3Value": "0.008"
        },
        {
          "so2Grade": "1",
          "coFlag": null,
          "khaiValue": "50",
          "so2Value": "0.002",
          "coValue": "0.5",
          "pm25Flag": null,
          "pm10Flag": null,
          "o3Grade": "1",
          "pm10Value": "24",
          "khaiGrade": "1",
          "pm25Value": "16",
          "sidoName": "대구",
          "no2Flag": null,
          "no2Grade": "1",
          "o3Flag": null,
          "pm25Grade": "1",
          "so2Flag": null,
          "dataTime": "2022-08-16 21:00",
          "coGrade": "1",
          "no2Value": "0.030",
          "stationName": "이현동",
          "pm10Grade": "1",
          "o3Value": "0.003"
        },
        {
          "so2Grade": "1",
          "coFlag": null,
          "khaiValue": "51",
          "so2Value": "0.001",
          "coValue": "0.6",
          "pm25Flag": null,
          "pm10Flag": null,
          "o3Grade": "1",
          "pm10Value": "22",
          "khaiGrade": "2",
          "pm25Value": "11",
          "sidoName": "대구",
          "no2Flag": null,
          "no2Grade": "2",
          "o3Flag": null,
          "pm25Grade": "1",
          "so2Flag": null,
          "dataTime": "2022-08-16 21:00",
          "coGrade": "1",
          "no2Value": "0.031",
          "stationName": "평리동",
          "pm10Grade": "1",
          "o3Value": "0.004"
        },
        {
          "so2Grade": "1",
          "coFlag": null,
          "khaiValue": "32",
          "so2Value": "0.001",
          "coValue": "0.4",
          "pm25Flag": null,
          "pm10Flag": null,
          "o3Grade": "1",
          "pm10Value": "16",
          "khaiGrade": "1",
          "pm25Value": "7",
          "sidoName": "대구",
          "no2Flag": null,
          "no2Grade": "1",
          "o3Flag": null,
          "pm25Grade": "1",
          "so2Flag": null,
          "dataTime": "2022-08-16 21:00",
          "coGrade": "1",
          "no2Value": "0.011",
          "stationName": "대명동",
          "pm10Grade": "1",
          "o3Value": "0.019"
        },
        {
          "so2Grade": "1",
          "coFlag": null,
          "khaiValue": "43",
          "so2Value": "0.002",
          "coValue": "0.4",
          "pm25Flag": null,
          "pm10Flag": null,
          "o3Grade": "1",
          "pm10Value": "18",
          "khaiGrade": "1",
          "pm25Value": "8",
          "sidoName": "대구",
          "no2Flag": null,
          "no2Grade": "1",
          "o3Flag": null,
          "pm25Grade": "1",
          "so2Flag": null,
          "dataTime": "2022-08-16 21:00",
          "coGrade": "1",
          "no2Value": "0.026",
          "stationName": "신암동",
          "pm10Grade": "1",
          "o3Value": "0.009"
        },
        {
          "so2Grade": "1",
          "coFlag": null,
          "khaiValue": "35",
          "so2Value": "0.002",
          "coValue": "0.5",
          "pm25Flag": null,
          "pm10Flag": null,
          "o3Grade": "1",
          "pm10Value": "18",
          "khaiGrade": "1",
          "pm25Value": "9",
          "sidoName": "대구",
          "no2Flag": null,
          "no2Grade": "1",
          "o3Flag": null,
          "pm25Grade": "1",
          "so2Flag": null,
          "dataTime": "2022-08-16 21:00",
          "coGrade": "1",
          "no2Value": "0.016",
          "stationName": "태전동",
          "pm10Grade": "1",
          "o3Value": "0.015"
        },
        {
          "so2Grade": "1",
          "coFlag": null,
          "khaiValue": "45",
          "so2Value": "0.001",
          "coValue": "0.5",
          "pm25Flag": null,
          "pm10Flag": null,
          "o3Grade": "1",
          "pm10Value": "19",
          "khaiGrade": "1",
          "pm25Value": "6",
          "sidoName": "대구",
          "no2Flag": null,
          "no2Grade": "1",
          "o3Flag": null,
          "pm25Grade": "1",
          "so2Flag": null,
          "dataTime": "2022-08-16 21:00",
          "coGrade": "1",
          "no2Value": "0.027",
          "stationName": "산격동",
          "pm10Grade": "1",
          "o3Value": "0.009"
        },
        {
          "so2Grade": "1",
          "coFlag": null,
          "khaiValue": "38",
          "so2Value": "0.002",
          "coValue": "0.5",
          "pm25Flag": null,
          "pm10Flag": null,
          "o3Grade": "1",
          "pm10Value": "21",
          "khaiGrade": "1",
          "pm25Value": "11",
          "sidoName": "대구",
          "no2Flag": null,
          "no2Grade": "1",
          "o3Flag": null,
          "pm25Grade": "1",
          "so2Flag": null,
          "dataTime": "2022-08-16 21:00",
          "coGrade": "1",
          "no2Value": "0.023",
          "stationName": "만촌동",
          "pm10Grade": "1",
          "o3Value": "0.009"
        },
        {
          "so2Grade": "1",
          "coFlag": null,
          "khaiValue": "50",
          "so2Value": "0.002",
          "coValue": "0.4",
          "pm25Flag": null,
          "pm10Flag": null,
          "o3Grade": "1",
          "pm10Value": "33",
          "khaiGrade": "1",
          "pm25Value": "17",
          "sidoName": "대구",
          "no2Flag": null,
          "no2Grade": "1",
          "o3Flag": null,
          "pm25Grade": "1",
          "so2Flag": null,
          "dataTime": "2022-08-16 21:00",
          "coGrade": "1",
          "no2Value": "0.030",
          "stationName": "호림동",
          "pm10Grade": "1",
          "o3Value": "0.005"
        },
        {
          "so2Grade": null,
          "coFlag": null,
          "khaiValue": "-",
          "so2Value": "-",
          "coValue": "0.3",
          "pm25Flag": "자료이상",
          "pm10Flag": null,
          "o3Grade": "1",
          "pm10Value": "17",
          "khaiGrade": null,
          "pm25Value": "-",
          "sidoName": "대구",
          "no2Flag": null,
          "no2Grade": "1",
          "o3Flag": null,
          "pm25Grade": null,
          "so2Flag": "자료이상",
          "dataTime": "2022-08-16 21:00",
          "coGrade": "1",
          "no2Value": "0.009",
          "stationName": "유가읍",
          "pm10Grade": "1",
          "o3Value": "0.017"
        },
        {
          "so2Grade": "1",
          "coFlag": null,
          "khaiValue": "63",
          "so2Value": "0.002",
          "coValue": "0.3",
          "pm25Flag": null,
          "pm10Flag": null,
          "o3Grade": "1",
          "pm10Value": "19",
          "khaiGrade": "2",
          "pm25Value": "11",
          "sidoName": "대구",
          "no2Flag": null,
          "no2Grade": "2",
          "o3Flag": null,
          "pm25Grade": "1",
          "so2Flag": null,
          "dataTime": "2022-08-16 21:00",
          "coGrade": "1",
          "no2Value": "0.038",
          "stationName": "이곡동",
          "pm10Grade": "1",
          "o3Value": "0.002"
        },
        {
          "so2Grade": null,
          "coFlag": null,
          "khaiValue": "51",
          "so2Value": "-",
          "coValue": "0.5",
          "pm25Flag": null,
          "pm10Flag": null,
          "o3Grade": "1",
          "pm10Value": "27",
          "khaiGrade": "2",
          "pm25Value": "12",
          "sidoName": "대구",
          "no2Flag": null,
          "no2Grade": "2",
          "o3Flag": null,
          "pm25Grade": "1",
          "so2Flag": "자료이상",
          "dataTime": "2022-08-16 21:00",
          "coGrade": "1",
          "no2Value": "0.031",
          "stationName": "시지동",
          "pm10Grade": "1",
          "o3Value": "0.003"
        },
        {
          "so2Grade": "1",
          "coFlag": null,
          "khaiValue": "54",
          "so2Value": "0.001",
          "coValue": "0.5",
          "pm25Flag": null,
          "pm10Flag": null,
          "o3Grade": "1",
          "pm10Value": "20",
          "khaiGrade": "2",
          "pm25Value": "8",
          "sidoName": "대구",
          "no2Flag": null,
          "no2Grade": "1",
          "o3Flag": null,
          "pm25Grade": "2",
          "so2Flag": null,
          "dataTime": "2022-08-16 21:00",
          "coGrade": "1",
          "no2Value": "0.022",
          "stationName": "진천동",
          "pm10Grade": "1",
          "o3Value": "0.011"
        },
        {
          "so2Grade": "1",
          "coFlag": null,
          "khaiValue": "28",
          "so2Value": "0.001",
          "coValue": "0.5",
          "pm25Flag": null,
          "pm10Flag": null,
          "o3Grade": "1",
          "pm10Value": "20",
          "khaiGrade": "1",
          "pm25Value": "10",
          "sidoName": "대구",
          "no2Flag": null,
          "no2Grade": "1",
          "o3Flag": null,
          "pm25Grade": "1",
          "so2Flag": null,
          "dataTime": "2022-08-16 21:00",
          "coGrade": "1",
          "no2Value": "0.016",
          "stationName": "다사읍",
          "pm10Grade": "1",
          "o3Value": "0.007"
        },
        {
          "so2Grade": "1",
          "coFlag": null,
          "khaiValue": "43",
          "so2Value": "0.001",
          "coValue": "0.2",
          "pm25Flag": null,
          "pm10Flag": null,
          "o3Grade": "1",
          "pm10Value": "14",
          "khaiGrade": "1",
          "pm25Value": "8",
          "sidoName": "대구",
          "no2Flag": null,
          "no2Grade": "1",
          "o3Flag": null,
          "pm25Grade": "1",
          "so2Flag": null,
          "dataTime": "2022-08-16 21:00",
          "coGrade": "1",
          "no2Value": "0.020",
          "stationName": "본동",
          "pm10Grade": "1",
          "o3Value": "0.012"
        },
        {
          "so2Grade": "1",
          "coFlag": null,
          "khaiValue": "56",
          "so2Value": "0.001",
          "coValue": "0.3",
          "pm25Flag": "자료이상",
          "pm10Flag": null,
          "o3Grade": "1",
          "pm10Value": "19",
          "khaiGrade": "2",
          "pm25Value": "-",
          "sidoName": "대구",
          "no2Flag": null,
          "no2Grade": "2",
          "o3Flag": null,
          "pm25Grade": "1",
          "so2Flag": null,
          "dataTime": "2022-08-16 21:00",
          "coGrade": "1",
          "no2Value": "0.034",
          "stationName": "내당동",
          "pm10Grade": "1",
          "o3Value": "0.008"
        },
        {
          "so2Grade": "1",
          "coFlag": null,
          "khaiValue": "51",
          "so2Value": "0.001",
          "coValue": "0.3",
          "pm25Flag": null,
          "pm10Flag": null,
          "o3Grade": "1",
          "pm10Value": "18",
          "khaiGrade": "2",
          "pm25Value": "8",
          "sidoName": "대구",
          "no2Flag": null,
          "no2Grade": "2",
          "o3Flag": null,
          "pm25Grade": "1",
          "so2Flag": null,
          "dataTime": "2022-08-16 21:00",
          "coGrade": "1",
          "no2Value": "0.031",
          "stationName": "침산동",
          "pm10Grade": "1",
          "o3Value": "0.003"
        },
        {
          "so2Grade": "1",
          "coFlag": null,
          "khaiValue": "30",
          "so2Value": "0.001",
          "coValue": "0.2",
          "pm25Flag": null,
          "pm10Flag": null,
          "o3Grade": "1",
          "pm10Value": "22",
          "khaiGrade": "1",
          "pm25Value": "6",
          "sidoName": "대구",
          "no2Flag": null,
          "no2Grade": "1",
          "o3Flag": null,
          "pm25Grade": "1",
          "so2Flag": null,
          "dataTime": "2022-08-16 21:00",
          "coGrade": "1",
          "no2Value": "0.007",
          "stationName": "화원읍",
          "pm10Grade": "1",
          "o3Value": "0.013"
        }
      ],
      "pageNo": 1,
      "numOfRows": 100
    },
    "header": {
      "resultMsg": "NORMAL_CODE",
      "resultCode": "00"
    }
  }
}
