{
  "response": {
    "body": {
      "totalCount": 13,
      "items": [
        {
          "so2Grade": null,
          "coFlag": null,
          "khaiValue": "37",
          "so2Value": "-",
          "coValue": "0.6",
          "pm25Flag": null,
          "pm10Flag": null,
          "o3Grade": "1",
          "pm10Value": "21",
          "khaiGrade": "1",
          "pm25Value": "15",
          "sidoName": "대전",
          "no2Flag": null,
          "no2Grade": "1",
          "o3Flag": null,
          "pm25Grade": "1",
          "so2Flag": "자료이상",
          "dataTime": "2022-08-16 21:00",
          "coGrade": "1",
          "no2Value": "0.013",
          "stationName": "문창동",
          "pm10Grade": "1",
          "o3Value": "0.020"
        },
        {
          "so2Grade": "1",
          "coFlag": null,
          "khaiValue": "60",
          "so2Value": "0.003",
          "coValue": "0.3",
          "pm25Flag": null,
          "pm10Flag": null,
          "o3Grade": "2",
          "pm10Value": "13",
          "khaiGrade": "2",
          "pm25Value": "10",
          "sidoName": "대전",
          "no2Flag": null,
          "no2Grade": "1",
          "o3Flag": null,
          "pm25Grade": "1",
          "so2Flag": null,
          "dataTime": "2022-08-16 21:00",
          "coGrade": "1",
          "no2Value": "0.009",
          "stationName": "구성동",
          "pm10Grade": "1",
          "o3Value": "0.042"
        },
        {
          "so2Grade": null,
          "coFlag": null,
          "khaiValue": "37",
          "so2Value": "-",
          "coValue": "0.4",
          "pm25Flag": null,
          "pm10Flag": null,
          "o3Grade": "1",
          "pm10Value": "19",
          "khaiGrade": "1",
          "pm25Value": "10",
          "sidoName": "대전",
          "no2Flag": null,
          "no2Grade": "1",
          "o3Flag": null,
          "pm25Grade": "1",
          "so2Flag": "자료이상",
          "dataTime": "2022-08-16 21:00",
          "coGrade": "1",
          "no2Value": "0.015",
          "stationName": "노은동",
          "pm10Grade": "1",
          "o3Value": "0.022"
        },
        {
          "so2Grade": "1",
          "coFlag": null,
          "khaiValue": "54",
          "so2Value": "0.002",
          "coValue": "0.4",
          "pm25Flag": null,
          "pm10Flag": null,
          "o3Grade": "2",
          "pm10Value": "22",
          "khaiGrade": "2",
          "pm25Value": "16",
          "sidoName": "대전",
          "no2Flag": null,
          "no2Grade": "1",
          "o3Flag": null,
          "pm25Grade": "1",
          "so2Flag": null,
          "dataTime": "2022-08-16 21:00",
          "coGrade": "1",
          "no2Value": "0.012",
          "stationName": "상대동(대전)",
          "pm10Grade": "1",
          "o3Value": "0.035"
        },
        {
          "so2Grade": null,
          "coFlag": "점검및교정",
          "khaiValue": "-",
          "so2Value": "-",
          "coValue": "-",
          "pm25Flag": "점검및교정",
          "pm10Flag": "점검및교정",
          "o3Grade": null,
          "pm10Value": "-",
          "khaiGrade": null,
          "pm25Value": "-",
          "sidoName": "대전",
          "no2Flag": "점검및교정",
          "no2Grade": null,
          "o3Flag": "점검및교정",
          "pm25Grade": "1",
          "so2Flag": "점검및교정",
          "dataTime": "2022-08-16 15:00",
          "coGrade": null,
          "no2Value": "-",
          "stationName": "관평동",
          "pm10Grade": "1",
          "o3Value": "-"
        },
        {
          "so2Grade": "1",
          "coFlag": null,
          "khaiValue": "40",
          "so2Value": "0.002",
          "coValue": "0.4",
          "pm25Flag": null,
          "pm10Flag": null,
          "o3Grade": "1",
          "pm10Value": "19",
          "khaiGrade": "1",
          "pm25Value": "15",
          "sidoName": "대전",
          "no2Flag": null,
          "no2Grade": "1",
          "o3Flag": null,
          "pm25Grade": "1",
          "so2Flag": null,
          "dataTime": "2022-08-16 21:00",
          "coGrade": "1",
          "no2Value": "0.022",
          "stationName": "대흥동1",
          "pm10Grade": "1",
          "o3Value": "0.022"
        },
        {
          "so2Grade": null,
          "coFlag": null,
          "khaiValue": "53",
          "so2Value": "-",
          "coValue": "0.3",
          "pm25Flag": "자료이상",
          "pm10Flag": null,
          "o3Grade": "2",
          "pm10Value": "12",
          "khaiGrade": "2",
          "pm25Value": "-",
          "sidoName": "대전",
          "no2Flag": null,
          "no2Grade": "1",
          "o3Flag": null,
          "pm25Grade": "1",
          "so2Flag": "자료이상",
          "dataTime": "2022-08-16 21:00",
          "coGrade": "1",
          "no2Value": "0.013",
          "stationName": "성남동1",
          "pm10Grade": "1",
          "o3Value": "0.033"
        },
        {
          "so2Grade": "1",
          "coFlag": null,
          "khaiValue": "45",
          "so2Value": "0.003",
          "coValue": "0.4",
          "pm25Flag": null,
          "pm10Flag": null,
          "o3Grade": "1",
          "pm10Value": "17",
          "khaiGrade": "1",
          "pm25Value": "11",
          "sidoName": "대전",
          "no2Flag": null,
          "no2Grade": "1",
          "o3Flag": null,
          "pm25Grade": "1",
          "so2Flag": null,
          "dataTime": "2022-08-16 21:00",
          "coGrade": "1",
          "no2Value": "0.027",
          "stationName": "대성동",
          "pm10Grade": "1",
          "o3Value": "0.006"
        },
        {
          "so2Grade": "1",
          "coFlag": null,
          "khaiValue": "-",
          "so2Value": "0.002",
          "coValue": "0.4",
          "pm25Flag": null,
          "pm10Flag": null,
          "o3Grade": "1",
          "pm10Value": "21",
          "khaiGrade": null,
          "pm25Value": "12",
          "sidoName": "대전",
          "no2Flag": null,
          "no2Grade": "1",
          "o3Flag": null,
          "pm25Grade": null,
          "so2Flag": null,
          "dataTime": "2022-08-16 21:00",
          "coGrade": "1",
          "no2Value": "0.008",
          "stationName": "정림동",
          "pm10Grade": "1",
          "o3Value": "0.027"
        },
        {
          "so2Grade": "1",
          "coFlag": null,
          "khaiValue": "-",
          "so2Value": "0.003",
          "coValue": "0.6",
          "pm25Flag": null,
          "pm10Flag": null,
          "o3Grade": "2",
          "pm10Value": "15",
          "khaiGrade": null,
          "pm25Value": "7",
          "sidoName": "대전",
          "no2Flag": null,
          "no2Grade": "1",
          "o3Flag": null,
          "pm25Grade": null,
          "so2Flag": null,
          "dataTime": "2022-08-16 21:00",
          "coGrade": "1",
          "no2Value": "0.009",
          "stationName": "둔산동",
          "pm10Grade": "1",
          "o3Value": "0.042"
        },
        {
          "so2Grade": "1",
          "coFlag": null,
          "khaiValue": "40",
          "so2Value": "0.002",
          "coValue": "0.4",
          "pm25Flag": null,
          "pm10Flag": null,
          "o3Grade": "1",
          "pm10Value": "19",
          "khaiGrade": "1",
          "pm25Value": "16",
          "sidoName": "대전",
          "no2Flag": null,
          "no2Grade": "1",
          "o3Flag": null,
          "pm25Grade": "1",
          "so2Flag": null,
          "dataTime": "2022-08-16 21:00",
          "coGrade": "1",
          "no2Value": "0.005",
          "stationName": "월평동",
          "pm10Grade": "1",
          "o3Value": "0.024"
        },
        {
          "so2Grade": null,
          "coFlag": null,
          "khaiValue": "55",
          "so2Value": "-",
          "coValue": "0.5",
          "pm25Flag": null,
          "pm10Flag": null,
          "o3Grade": "2",
          "pm10Value": "21",
          "khaiGrade": "2",
          "pm25Value": "11",
          "sidoName": "대전",
          "no2Flag": null,
          "no2Grade": "1",
          "o3Flag": null,
          "pm25Grade": "1",
          "so2Flag": "자료이상",
          "dataTime": "2022-08-16 21:00",
          "coGrade": "1",
          "no2Value": "0.011",
          "stationName": "읍내동",
          "pm10Grade": "1",
          "o3Value": "0.036"
        },
        {
          "so2Grade": "1",
          "coFlag": null,
          "khaiValue": "-",
          "so2Value": "0.002",
          "coValue": "0.3",
          "pm25Flag": "점검및교정",
          "pm10Flag": "점검및교정",
          "o3Grade": "1",
          "pm10Value": "-",
          "khaiGrade": null,
          "pm25Value": "-",
          "sidoName": "대전",
          "no2Flag": null,
          "no2Grade": "1",
          "o3Flag": null,
          "pm25Grade": null,
          "so2Flag": null,
          "dataTime": "2022-08-16 21:00",
          "coGrade": "1",
          "no2Value": "0.020",
          "stationName": "문평동",
          "pm10Grade": null,
          "o3Value": "0.023"
        }
      ],
      "pageNo": 1,
      "numOfRows": 100
    },
    "header": {
      "resultMsg": "NORMAL_CODE",
      "resultCode": "00"
    }
  }
}
