{
  "response": {
    "body": {
      "totalCount": 12,
      "items": [
        {
          "so2Grade": "1",
          "coFlag": null,
          "khaiValue": "54",
          "so2Value": "0.001",
          "coValue": "0.2",
          "pm25Flag": null,
          "pm10Flag": null,
          "o3Grade": "2",
          "pm10Value": "23",
          "khaiGrade": "2",
          "pm25Value": "10",
          "sidoName": "제주",
          "no2Flag": null,
          "no2Grade": "1",
          "o3Flag": null,
          "pm25Grade": "1",
          "so2Flag": null,
          "dataTime": "2022-08-16 21:00",
          "coGrade": "1",
          "no2Value": "0.006",
          "stationName": "이도동",
          "pm10Grade": "1",
          "o3Value": "0.035"
        },
        {
          "so2Grade": "1",
          "coFlag": null,
          "khaiValue": "53",
          "so2Value": "0.001",
          "coValue": "0.1",
          "pm25Flag": null,
          "pm10Flag": null,
          "o3Grade": "2",
          "pm10Value": "21",
          "khaiGrade": "2",
          "pm25Value": "3",
          "sidoName": "제주",
          "no2Flag": null,
          "no2Grade": "1",
          "o3Flag": null,
          "pm25Grade": "1",
          "so2Flag": null,
          "dataTime": "2022-08-16 21:00",
          "coGrade": "1",
          "no2Value": "0.006",
          "stationName": "연동",
          "pm10Grade": "1",
          "o3Value": "0.033"
        },
        {
          "so2Grade": "1",
          "coFlag": null,
          "khaiValue": "35",
          "so2Value": "0.003",
          "coValue": "0.4",
          "pm25Flag": null,
          "pm10Flag": null,
          "o3Grade": "1",
          "pm10Value": "11",
          "khaiGrade": "1",
          "pm25Value": "6",
          "sidoName": "제주",
          "no2Flag": null,
          "no2Grade": "1",
          "o3Flag": null,
          "pm25Grade": "1",
          "so2Flag": null,
          "dataTime": "2022-08-16 21:00",
          "coGrade": "1",
          "no2Value": "0.007",
          "stationName": "조천읍",
          "pm10Grade": "1",
          "o3Value": "0.021"
        },
        {
          "so2Grade": null,
          "coFlag": null,
          "khaiValue": "35",
          "so2Value": "-",
          "coValue": "0.2",
          "pm25Flag": null,
          "pm10Flag": null,
          "o3Grade": "1",
          "pm10Value": "15",
          "khaiGrade": "1",
          "pm25Value": "7",
          "sidoName": "제주",
          "no2Flag": null,
          "no2Grade": "1",
          "o3Flag": null,
          "pm25Grade": "1",
          "so2Flag": "자료이상",
          "dataTime": "2022-08-16 21:00",
          "coGrade": "1",
          "no2Value": "0.004",
          "stationName": "한림읍",
          "pm10Grade": "1",
          "o3Value": "0.021"
        },
        {
          "so2Grade": "1",
          "coFlag": null,
          "khaiValue": "47",
          "so2Value": "0.001",
          "coValue": "0.3",
          "pm25Flag": null,
          "pm10Flag": null,
          "o3Grade": "1",
          "pm10Value": "17",
          "khaiGrade": "1",
          "pm25Value": "6",
          "sidoName": "제주",
          "no2Flag": null,
          "no2Grade": "1",
          "o3Flag": null,
          "pm25Grade": "1",
          "so2Flag": null,
          "dataTime": "2022-08-16 21:00",
          "coGrade": "1",
          "no2Value": "0.005",
          "stationName": "화북동",
          "pm10Grade": "1",
          "o3Value": "0.028"
        },
        {
          "so2Grade": "1",
          "coFlag": null,
          "khaiValue": "43",
          "so2Value": "0.001",
          "coValue": "0.3",
          "pm25Flag": null,
          "pm10Flag": null,
          "o3Grade": "1",
          "pm10Value": "24",
          "khaiGrade": "1",
          "pm25Value": "8",
          "sidoName": "제주",
          "no2Flag": null,
          "no2Grade": "1",
          "o3Flag": null,
          "pm25Grade": "1",
          "so2Flag": null,
          "dataTime": "2022-08-16 21:00",
          "coGrade": "1",
          "no2Value": "0.002",
          "stationName": "동홍동",
          "pm10Grade": "1",
          "o3Value": "0.026"
        },
        {
          "so2Grade": null,
          "coFlag": null,
          "khaiValue": "35",
          "so2Value": "-",
          "coValue": "0.1",
          "pm25Flag": null,
          "pm10Flag": null,
          "o3Grade": "1",
          "pm10Value": "16",
          "khaiGrade": "1",
          "pm25Value": "6",
          "sidoName": "제주",
          "no2Flag": null,
          "no2Grade": "1",
          "o3Flag": null,
          "pm25Grade": "1",
          "so2Flag": "자료이상",
          "dataTime": "2022-08-16 21:00",
          "coGrade": "1",
          "no2Value": "0.001",
          "stationName": "성산읍",
          "pm10Grade": "1",
          "o3Value": "0.021"
        },
        {
          "so2Grade": null,
          "coFlag": "자료이상",
          "khaiValue": "42",
          "so2Value": "-",
          "coValue": "-",
          "pm25Flag": null,
          "pm10Flag": null,
          "o3Grade": "1",
          "pm10Value": "23",
          "khaiGrade": "1",
          "pm25Value": "8",
          "sidoName": "제주",
          "no2Flag": null,
          "no2Grade": "1",
          "o3Flag": null,
          "pm25Grade": "1",
          "so2Flag": "자료이상",
          "dataTime": "2022-08-16 21:00",
          "coGrade": null,
          "no2Value": "0.002",
          "stationName": "남원읍",
          "pm10Grade": "1",
          "o3Value": "0.025"
        },
        {
          "so2Grade": "1",
          "coFlag": null,
          "khaiValue": "43",
          "so2Value": "0.001",
          "coValue": "0.2",
          "pm25Flag": null,
          "pm10Flag": null,
          "o3Grade": "1",
          "pm10Value": "22",
          "khaiGrade": "1",
          "pm25Value": "3",
          "sidoName": "제주",
          "no2Flag": null,
          "no2Grade": "1",
          "o3Flag": null,
          "pm25Grade": "1",
          "so2Flag": null,
          "dataTime": "2022-08-16 21:00",
          "coGrade": "1",
          "no2Value": "0.004",
          "stationName": "강정동",
          "pm10Grade": "1",
          "o3Value": "0.021"
        },
        {
          "so2Grade": null,
          "coFlag": null,
          "khaiValue": "57",
          "so2Value": "-",
          "coValue": "0.3",
          "pm25Flag": null,
          "pm10Flag": null,
          "o3Grade": "1",
          "pm10Value": "33",
          "khaiGrade": "2",
          "pm25Value": "4",
          "sidoName": "제주",
          "no2Flag": null,
          "no2Grade": "1",
          "o3Flag": null,
          "pm25Grade": "1",
          "so2Flag": "자료이상",
          "dataTime": "2022-08-16 21:00",
          "coGrade": "1",
          "no2Value": "0.002",
          "stationName": "대정읍",
          "pm10Grade": "2",
          "o3Value": "0.024"
        },
        {
          "so2Grade": "1",
          "coFlag": null,
          "khaiValue": "47",
          "so2Value": "0.001",
          "coValue": "0.4",
          "pm25Flag": null,
          "pm10Flag": null,
          "o3Grade": "1",
          "pm10Value": "32",
          "khaiGrade": "1",
          "pm25Value": "2",
          "sidoName": "제주",
          "no2Flag": null,
          "no2Grade": "1",
          "o3Flag": null,
          "pm25Grade": "1",
          "so2Flag": null,
          "dataTime": "2022-08-16 21:00",
          "coGrade": "1",
          "no2Value": "0.008",
          "stationName": "노형로",
          "pm10Grade": "1",
          "o3Value": "0.027"
        },
        {
          "so2Grade": null,
          "coFlag": "자료이상",
          "khaiValue": "-",
          "so2Value": "-",
          "coValue": "-",
          "pm25Flag": null,
          "pm10Flag": null,
          "o3Grade": null,
          "pm10Value": "11",
          "khaiGrade": null,
          "pm25Value": "4",
          "sidoName": "제주",
          "no2Flag": "자료이상",
          "no2Grade": null,
          "o3Flag": "자료이상",
          "pm25Grade": "1",
          "so2Flag": "자료이상",
          "dataTime": "2022-08-16 21:00",
          "coGrade": null,
          "no2Value": "-",
          "stationName": "고산리",
          "pm10Grade": "1",
          "o3Value": "-"
        }
      ],
      "pageNo": 1,
      "numOfRows": 100
    },
    "header": {
      "resultMsg": "NORMAL_CODE",
      "resultCode": "00"
    }
  }
}
