{
  "response": {
    "body": {
      "totalCount": 34,
      "items": [
        {
          "so2Grade": "1",
          "coFlag": null,
          "khaiValue": "53",
          "so2Value": "0.002",
          "coValue": "0.4",
          "pm25Flag": null,
          "pm10Flag": null,
          "o3Grade": "2",
          "pm10Value": "18",
          "khaiGrade": "2",
          "pm25Value": "7",
          "sidoName": "부산",
          "no2Flag": null,
          "no2Grade": "1",
          "o3Flag": null,
          "pm25Grade": "1",
          "so2Flag": null,
          "dataTime": "2022-08-16 21:00",
          "coGrade": "1",
          "no2Value": "0.016",
          "stationName": "광복동",
          "pm10Grade": "1",
          "o3Value": "0.034"
        },
        {
          "so2Grade": "1",
          "coFlag": null,
          "khaiValue": "-",
          "so2Value": "0.003",
          "coValue": "0.5",
          "pm25Flag": null,
          "pm10Flag": null,
          "o3Grade": "1",
          "pm10Value": "19",
          "khaiGrade": null,
          "pm25Value": "13",
          "sidoName": "부산",
          "no2Flag": null,
          "no2Grade": "2",
          "o3Flag": null,
          "pm25Grade": null,
          "so2Flag": null,
          "dataTime": "2022-08-16 21:00",
          "coGrade": "1",
          "no2Value": "0.053",
          "stationName": "초량동",
          "pm10Grade": "1",
          "o3Value": "0.005"
        },
        {
          "so2Grade": "1",
          "coFlag": null,
          "khaiValue": "57",
          "so2Value": "0.002",
          "coValue": "0.2",
          "pm25Flag": null,
          "pm10Flag": null,
          "o3Grade": "2",
          "pm10Value": "10",
          "khaiGrade": "2",
          "pm25Value": "6",
          "sidoName": "부산",
          "no2Flag": null,
          "no2Grade": "1",
          "o3Flag": null,
          "pm25Grade": "1",
          "so2Flag": null,
          "dataTime": "2022-08-16 21:00",
          "coGrade": "1",
          "no2Value": "0.012",
          "stationName": "태종대",
          "pm10Grade": "1",
          "o3Value": "0.038"
        },
        {
          "so2Grade": "1",
          "coFlag": null,
          "khaiValue": "60",
          "so2Value": "0.002",
          "coValue": "0.3",
          "pm25Flag": null,
          "pm10Flag": null,
          "o3Grade": "2",
          "pm10Value": "8",
          "khaiGrade": "2",
          "pm25Value": "7",
          "sidoName": "부산",
          "no2Flag": null,
          "no2Grade": "1",
          "o3Flag": null,
          "pm25Grade": "1",
          "so2Flag": null,
          "dataTime": "2022-08-16 21:00",
          "coGrade": "1",
          "no2Value": "0.008",
          "stationName": "청학동",
          "pm10Grade": "1",
          "o3Value": "0.042"
        },
        {
          "so2Grade": "1",
          "coFlag": null,
          "khaiValue": "47",
          "so2Value": "0.002",
          "coValue": "0.3",
          "pm25Flag": null,
          "pm10Flag": null,
          "o3Grade": "1",
          "pm10Value": "15",
          "khaiGrade": "1",
          "pm25Value": "7",
          "sidoName": "부산",
          "no2Flag": null,
          "no2Grade": "1",
          "o3Flag": null,
          "pm25Grade": "1",
          "so2Flag": null,
          "dataTime": "2022-08-16 21:00",
          "coGrade": "1",
          "no2Value": "0.014",
          "stationName": "전포동",
          "pm10Grade": "1",
          "o3Value": "0.028"
        },
        {
          "so2Grade": "1",
          "coFlag": null,
          "khaiValue": "43",
          "so2Value": "0.003",
          "coValue": "0.3",
          "pm25Flag": null,
          "pm10Flag": null,
          "o3Grade": "1",
          "pm10Value": "15",
          "khaiGrade": "1",
          "pm25Value": "9",
          "sidoName": "부산",
          "no2Flag": null,
          "no2Grade": "1",
          "o3Flag": null,
          "pm25Grade": "1",
          "so2Flag": null,
          "dataTime": "2022-08-16 21:00",
          "coGrade": "1",
          "no2Value": "0.026",
          "stationName": "온천동",
          "pm10Grade": "1",
          "o3Value": "0.020"
        },
        {
          "so2Grade": null,
          "coFlag": "통신장애",
          "khaiValue": "-",
          "so2Value": "-",
          "coValue": "-",
          "pm25Flag": null,
          "pm10Flag": null,
          "o3Grade": "2",
          "pm10Value": "10",
          "khaiGrade": null,
          "pm25Value": "9",
          "sidoName": "부산",
          "no2Flag": null,
          "no2Grade": "1",
          "o3Flag": null,
          "pm25Grade": null,
          "so2Flag": "통신장애",
          "dataTime": "2022-08-16 21:00",
          "coGrade": null,
          "no2Value": "0.019",
          "stationName": "명장동",
          "pm10Grade": "1",
          "o3Value": "0.032"
        },
        {
          "so2Grade": "1",
          "coFlag": null,
          "khaiValue": "43",
          "so2Value": "0.001",
          "coValue": "0.4",
          "pm25Flag": null,
          "pm10Flag": null,
          "o3Grade": "1",
          "pm10Value": "11",
          "khaiGrade": "1",
          "pm25Value": "11",
          "sidoName": "부산",
          "no2Flag": null,
          "no2Grade": "1",
          "o3Flag": null,
          "pm25Grade": "1",
          "so2Flag": null,
          "dataTime": "2022-08-16 21:00",
          "coGrade": "1",
          "no2Value": "0.026",
          "stationName": "대연동",
          "pm10Grade": "1",
          "o3Value": "0.024"
        },
        {
          "so2Grade": "1",
          "coFlag": null,
          "khaiValue": "45",
          "so2Value": "0.003",
          "coValue": "0.4",
          "pm25Flag": null,
          "pm10Flag": null,
          "o3Grade": "1",
          "pm10Value": "11",
          "khaiGrade": "1",
          "pm25Value": "8",
          "sidoName": "부산",
          "no2Flag": null,
          "no2Grade": "1",
          "o3Flag": null,
          "pm25Grade": "1",
          "so2Flag": null,
          "dataTime": "2022-08-16 21:00",
          "coGrade": "1",
          "no2Value": "0.019",
          "stationName": "용호동",
          "pm10Grade": "1",
          "o3Value": "0.027"
        },
        {
          "so2Grade": "1",
          "coFlag": null,
          "khaiValue": "54",
          "so2Value": "0.002",
          "coValue": "0.3",
          "pm25Flag": null,
          "pm10Flag": null,
          "o3Grade": "2",
          "pm10Value": "19",
          "khaiGrade": "2",
          "pm25Value": "16",
          "sidoName": "부산",
          "no2Flag": null,
          "no2Grade": "1",
          "o3Flag": null,
          "pm25Grade": "2",
          "so2Flag": null,
          "dataTime": "2022-08-16 21:00",
          "coGrade": "1",
          "no2Value": "0.013",
          "stationName": "학장동",
          "pm10Grade": "2",
          "o3Value": "0.031"
        },
        {
          "so2Grade": "1",
          "coFlag": null,
          "khaiValue": "53",
          "so2Value": "0.002",
          "coValue": "0.4",
          "pm25Flag": null,
          "pm10Flag": null,
          "o3Grade": "2",
          "pm10Value": "13",
          "khaiGrade": "2",
          "pm25Value": "11",
          "sidoName": "부산",
          "no2Flag": null,
          "no2Grade": "1",
          "o3Flag": null,
          "pm25Grade": "1",
          "so2Flag": null,
          "dataTime": "2022-08-16 21:00",
          "coGrade": "1",
          "no2Value": "0.019",
          "stationName": "덕천동",
          "pm10Grade": "1",
          "o3Value": "0.033"
        },
        {
          "so2Grade": null,
          "coFlag": "통신장애",
          "khaiValue": "-",
          "so2Value": "-",
          "coValue": "-",
          "pm25Flag": null,
          "pm10Flag": null,
          "o3Grade": "1",
          "pm10Value": "6",
          "khaiGrade": null,
          "pm25Value": "6",
          "sidoName": "부산",
          "no2Flag": null,
          "no2Grade": "1",
          "o3Flag": null,
          "pm25Grade": null,
          "so2Flag": "통신장애",
          "dataTime": "2022-08-16 21:00",
          "coGrade": null,
          "no2Value": "0.018",
          "stationName": "화명동",
          "pm10Grade": "1",
          "o3Value": "0.028"
        },
        {
          "so2Grade": "1",
          "coFlag": null,
          "khaiValue": "59",
          "so2Value": "0.002",
          "coValue": "0.5",
          "pm25Flag": null,
          "pm10Flag": null,
          "o3Grade": "1",
          "pm10Value": "14",
          "khaiGrade": "2",
          "pm25Value": "7",
          "sidoName": "부산",
          "no2Flag": null,
          "no2Grade": "2",
          "o3Flag": null,
          "pm25Grade": "1",
          "so2Flag": null,
          "dataTime": "2022-08-16 21:00",
          "coGrade": "1",
          "no2Value": "0.036",
          "stationName": "삼락동",
          "pm10Grade": "1",
          "o3Value": "0.011"
        },
        {
          "so2Grade": null,
          "coFlag": "통신장애",
          "khaiValue": "51",
          "so2Value": "-",
          "coValue": "-",
          "pm25Flag": "자료이상",
          "pm10Flag": null,
          "o3Grade": "2",
          "pm10Value": "13",
          "khaiGrade": "2",
          "pm25Value": "-",
          "sidoName": "부산",
          "no2Flag": null,
          "no2Grade": "1",
          "o3Flag": null,
          "pm25Grade": "1",
          "so2Flag": "통신장애",
          "dataTime": "2022-08-16 21:00",
          "coGrade": null,
          "no2Value": "0.012",
          "stationName": "청룡동",
          "pm10Grade": "1",
          "o3Value": "0.031"
        },
        {
          "so2Grade": "1",
          "coFlag": null,
          "khaiValue": "48",
          "so2Value": "0.002",
          "coValue": "0.3",
          "pm25Flag": null,
          "pm10Flag": null,
          "o3Grade": "1",
          "pm10Value": "16",
          "khaiGrade": "1",
          "pm25Value": "8",
          "sidoName": "부산",
          "no2Flag": null,
          "no2Grade": "1",
          "o3Flag": null,
          "pm25Grade": "1",
          "so2Flag": null,
          "dataTime": "2022-08-16 21:00",
          "coGrade": "1",
          "no2Value": "0.013",
          "stationName": "좌동",
          "pm10Grade": "1",
          "o3Value": "0.029"
        },
        {
          "so2Grade": "1",
          "coFlag": null,
          "khaiValue": "-",
          "so2Value": "0.004",
          "coValue": "0.3",
          "pm25Flag": null,
          "pm10Flag": null,
          "o3Grade": "1",
          "pm10Value": "11",
          "khaiGrade": null,
          "pm25Value": "10",
          "sidoName": "부산",
          "no2Flag": null,
          "no2Grade": "1",
          "o3Flag": null,
          "pm25Grade": null,
          "so2Flag": null,
          "dataTime": "2022-08-16 21:00",
          "coGrade": "1",
          "no2Value": "0.017",
          "stationName": "재송동",
          "pm10Grade": "1",
          "o3Value": "0.026"
        },
        {
          "so2Grade": "1",
          "coFlag": null,
          "khaiValue": "79",
          "so2Value": "0.002",
          "coValue": "0.3",
          "pm25Flag": null,
          "pm10Flag": null,
          "o3Grade": "1",
          "pm10Value": "16",
          "khaiGrade": "2",
          "pm25Value": "16",
          "sidoName": "부산",
          "no2Flag": null,
          "no2Grade": "2",
          "o3Flag": null,
          "pm25Grade": "2",
          "so2Flag": null,
          "dataTime": "2022-08-16 21:00",
          "coGrade": "1",
          "no2Value": "0.045",
          "stationName": "부산항",
          "pm10Grade": "2",
          "o3Value": "0.009"
        },
        {
          "so2Grade": "1",
          "coFlag": null,
          "khaiValue": "98",
          "so2Value": "0.003",
          "coValue": "0.3",
          "pm25Flag": null,
          "pm10Flag": null,
          "o3Grade": "1",
          "pm10Value": "20",
          "khaiGrade": "2",
          "pm25Value": "14",
          "sidoName": "부산",
          "no2Flag": null,
          "no2Grade": "2",
          "o3Flag": null,
          "pm25Grade": "2",
          "so2Flag": null,
          "dataTime": "2022-08-16 21:00",
          "coGrade": "1",
          "no2Value": "0.059",
          "stationName": "부산신항",
          "pm10Grade": "1",
          "o3Value": "0.009"
        },
        {
          "so2Grade": "1",
          "coFlag": null,
          "khaiValue": "-",
          "so2Value": "0.002",
          "coValue": "0.4",
          "pm25Flag": null,
          "pm10Flag": null,
          "o3Grade": "1",
          "pm10Value": "27",
          "khaiGrade": null,
          "pm25Value": "19",
          "sidoName": "부산",
          "no2Flag": null,
          "no2Grade": "2",
          "o3Flag": null,
          "pm25Grade": null,
          "so2Flag": null,
          "dataTime": "2022-08-16 21:00",
          "coGrade": "1",
          "no2Value": "0.057",
          "stationName": "부산북항",
          "pm10Grade": "1",
          "o3Value": "0.006"
        },
        {
          "so2Grade": null,
          "coFlag": null,
          "khaiValue": "58",
          "so2Value": "-",
          "coValue": "0.3",
          "pm25Flag": "자료이상",
          "pm10Flag": null,
          "o3Grade": "2",
          "pm10Value": "10",
          "khaiGrade": "2",
          "pm25Value": "-",
          "sidoName": "부산",
          "no2Flag": null,
          "no2Grade": "1",
          "o3Flag": null,
          "pm25Grade": "2",
          "so2Flag": "자료이상",
          "dataTime": "2022-08-16 21:00",
          "coGrade": "1",
          "no2Value": "0.016",
          "stationName": "장림동",
          "pm10Grade": "1",
          "o3Value": "0.040"
        },
        {
          "so2Grade": "1",
          "coFlag": null,
          "khaiValue": "43",
          "so2Value": "0.002",
          "coValue": "0.3",
          "pm25Flag": null,
          "pm10Flag": null,
          "o3Grade": "1",
          "pm10Value": "12",
          "khaiGrade": "1",
          "pm25Value": "8",
          "sidoName": "부산",
          "no2Flag": null,
          "no2Grade": "1",
          "o3Flag": null,
          "pm25Grade": "1",
          "so2Flag": null,
          "dataTime": "2022-08-16 21:00",
          "coGrade": "1",
          "no2Value": "0.017",
          "stationName": "대저동",
          "pm10Grade": "1",
          "o3Value": "0.026"
        },
        {
          "so2Grade": "1",
          "coFlag": null,
          "khaiValue": "50",
          "so2Value": "0.003",
          "coValue": "0.3",
          "pm25Flag": null,
          "pm10Flag": null,
          "o3Grade": "1",
          "pm10Value": "24",
          "khaiGrade": "1",
          "pm25Value": "10",
          "sidoName": "부산",
          "no2Flag": null,
          "no2Grade": "1",
          "o3Flag": null,
          "pm25Grade": "1",
          "so2Flag": null,
          "dataTime": "2022-08-16 21:00",
          "coGrade": "1",
          "no2Value": "0.030",
          "stationName": "녹산동",
          "pm10Grade": "1",
          "o3Value": "0.017"
        },
        {
          "so2Grade": "1",
          "coFlag": null,
          "khaiValue": "50",
          "so2Value": "0.002",
          "coValue": "0.3",
          "pm25Flag": null,
          "pm10Flag": null,
          "o3Grade": "1",
          "pm10Value": "15",
          "khaiGrade": "1",
          "pm25Value": "8",
          "sidoName": "부산",
          "no2Flag": null,
          "no2Grade": "1",
          "o3Flag": null,
          "pm25Grade": "1",
          "so2Flag": null,
          "dataTime": "2022-08-16 21:00",
          "coGrade": "1",
          "no2Value": "0.018",
          "stationName": "명지동",
          "pm10Grade": "1",
          "o3Value": "0.030"
        },
        {
          "so2Grade": "1",
          "coFlag": null,
          "khaiValue": "48",
          "so2Value": "0.003",
          "coValue": "0.5",
          "pm25Flag": "자료이상",
          "pm10Flag": null,
          "o3Grade": "1",
          "pm10Value": "9",
          "khaiGrade": "1",
          "pm25Value": "-",
          "sidoName": "부산",
          "no2Flag": null,
          "no2Grade": "1",
          "o3Flag": null,
          "pm25Grade": "1",
          "so2Flag": null,
          "dataTime": "2022-08-16 21:00",
          "coGrade": "1",
          "no2Value": "0.017",
          "stationName": "연산동",
          "pm10Grade": "1",
          "o3Value": "0.029"
        },
        {
          "so2Grade": "1",
          "coFlag": null,
          "khaiValue": "52",
          "so2Value": "0.002",
          "coValue": "0.3",
          "pm25Flag": null,
          "pm10Flag": null,
          "o3Grade": "2",
          "pm10Value": "9",
          "khaiGrade": "2",
          "pm25Value": "9",
          "sidoName": "부산",
          "no2Flag": null,
          "no2Grade": "1",
          "o3Flag": null,
          "pm25Grade": "1",
          "so2Flag": null,
          "dataTime": "2022-08-16 21:00",
          "coGrade": "1",
          "no2Value": "0.007",
          "stationName": "기장읍",
          "pm10Grade": "1",
          "o3Value": "0.032"
        },
        {
          "so2Grade": "1",
          "coFlag": null,
          "khaiValue": "52",
          "so2Value": "0.002",
          "coValue": "0.3",
          "pm25Flag": null,
          "pm10Flag": null,
          "o3Grade": "2",
          "pm10Value": "16",
          "khaiGrade": "2",
          "pm25Value": "7",
          "sidoName": "부산",
          "no2Flag": null,
          "no2Grade": "1",
          "o3Flag": null,
          "pm25Grade": "1",
          "so2Flag": null,
          "dataTime": "2022-08-16 21:00",
          "coGrade": "1",
          "no2Value": "0.014",
          "stationName": "용수리",
          "pm10Grade": "1",
          "o3Value": "0.032"
        },
        {
          "so2Grade": "1",
          "coFlag": null,
          "khaiValue": "51",
          "so2Value": "0.002",
          "coValue": "0.4",
          "pm25Flag": "장비점검",
          "pm10Flag": null,
          "o3Grade": "1",
          "pm10Value": "14",
          "khaiGrade": "2",
          "pm25Value": "-",
          "sidoName": "부산",
          "no2Flag": null,
          "no2Grade": "2",
          "o3Flag": null,
          "pm25Grade": "1",
          "so2Flag": null,
          "dataTime": "2022-08-16 21:00",
          "coGrade": "1",
          "no2Value": "0.031",
          "stationName": "수정동",
          "pm10Grade": "1",
          "o3Value": "0.020"
        },
        {
          "so2Grade": "1",
          "coFlag": null,
          "khaiValue": "54",
          "so2Value": "0.003",
          "coValue": "0.2",
          "pm25Flag": null,
          "pm10Flag": null,
          "o3Grade": "2",
          "pm10Value": "10",
          "khaiGrade": "2",
          "pm25Value": "9",
          "sidoName": "부산",
          "no2Flag": null,
          "no2Grade": "1",
          "o3Flag": null,
          "pm25Grade": "1",
          "so2Flag": null,
          "dataTime": "2022-08-16 21:00",
          "coGrade": "1",
          "no2Value": "0.011",
          "stationName": "부곡동",
          "pm10Grade": "1",
          "o3Value": "0.035"
        },
        {
          "so2Grade": "1",
          "coFlag": null,
          "khaiValue": "38",
          "so2Value": "0.002",
          "coValue": "0.3",
          "pm25Flag": null,
          "pm10Flag": null,
          "o3Grade": "1",
          "pm10Value": "13",
          "khaiGrade": "1",
          "pm25Value": "10",
          "sidoName": "부산",
          "no2Flag": null,
          "no2Grade": "1",
          "o3Flag": null,
          "pm25Grade": "1",
          "so2Flag": null,
          "dataTime": "2022-08-16 21:00",
          "coGrade": "1",
          "no2Value": "0.020",
          "stationName": "회동동",
          "pm10Grade": "1",
          "o3Value": "0.023"
        },
        {
          "so2Grade": null,
          "coFlag": "통신장애",
          "khaiValue": "57",
          "so2Value": "-",
          "coValue": "-",
          "pm25Flag": null,
          "pm10Flag": null,
          "o3Grade": "2",
          "pm10Value": "16",
          "khaiGrade": "2",
          "pm25Value": "14",
          "sidoName": "부산",
          "no2Flag": null,
          "no2Grade": "1",
          "o3Flag": null,
          "pm25Grade": "1",
          "so2Flag": "통신장애",
          "dataTime": "2022-08-16 21:00",
          "coGrade": null,
          "no2Value": "0.012",
          "stationName": "광안동",
          "pm10Grade": "1",
          "o3Value": "0.038"
        },
        {
          "so2Grade": "1",
          "coFlag": null,
          "khaiValue": "-",
          "so2Value": "0.003",
          "coValue": "0.4",
          "pm25Flag": "자료이상",
          "pm10Flag": null,
          "o3Grade": "2",
          "pm10Value": "6",
          "khaiGrade": null,
          "pm25Value": "-",
          "sidoName": "부산",
          "no2Flag": null,
          "no2Grade": "1",
          "o3Flag": null,
          "pm25Grade": null,
          "so2Flag": null,
          "dataTime": "2022-08-16 21:00",
          "coGrade": "1",
          "no2Value": "0.011",
          "stationName": "대신동",
          "pm10Grade": "1",
          "o3Value": "0.042"
        },
        {
          "so2Grade": "1",
          "coFlag": null,
          "khaiValue": "51",
          "so2Value": "0.002",
          "coValue": "0.3",
          "pm25Flag": null,
          "pm10Flag": null,
          "o3Grade": "2",
          "pm10Value": "14",
          "khaiGrade": "2",
          "pm25Value": "10",
          "sidoName": "부산",
          "no2Flag": null,
          "no2Grade": "1",
          "o3Flag": null,
          "pm25Grade": "1",
          "so2Flag": null,
          "dataTime": "2022-08-16 21:00",
          "coGrade": "1",
          "no2Value": "0.016",
          "stationName": "덕포동",
          "pm10Grade": "1",
          "o3Value": "0.031"
        },
        {
          "so2Grade": "1",
          "coFlag": null,
          "khaiValue": "50",
          "so2Value": "0.002",
          "coValue": "0.5",
          "pm25Flag": null,
          "pm10Flag": null,
          "o3Grade": "1",
          "pm10Value": "15",
          "khaiGrade": "1",
          "pm25Value": "8",
          "sidoName": "부산",
          "no2Flag": null,
          "no2Grade": "1",
          "o3Flag": null,
          "pm25Grade": "1",
          "so2Flag": null,
          "dataTime": "2022-08-16 21:00",
          "coGrade": "1",
          "no2Value": "0.030",
          "stationName": "개금동",
          "pm10Grade": "1",
          "o3Value": "0.025"
        },
        {
          "so2Grade": "1",
          "coFlag": null,
          "khaiValue": "40",
          "so2Value": "0.002",
          "coValue": "0.3",
          "pm25Flag": null,
          "pm10Flag": null,
          "o3Grade": "1",
          "pm10Value": "12",
          "khaiGrade": "1",
          "pm25Value": "10",
          "sidoName": "부산",
          "no2Flag": null,
          "no2Grade": "1",
          "o3Flag": null,
          "pm25Grade": "1",
          "so2Flag": null,
          "dataTime": "2022-08-16 21:00",
          "coGrade": "1",
          "no2Value": "0.012",
          "stationName": "당리동",
          "pm10Grade": "1",
          "o3Value": "0.024"
        }
      ],
      "pageNo": 1,
      "numOfRows": 100
    },
    "header": {
      "resultMsg": "NORMAL_CODE",
      "resultCode": "00"
    }
  }
}
