{
  "response": {
    "body": {
      "totalCount": 40,
      "items": [
        {
          "so2Grade": "1",
          "coFlag": null,
          "khaiValue": "50",
          "so2Value": "0.003",
          "coValue": "0.4",
          "pm25Flag": null,
          "pm10Flag": null,
          "o3Grade": "1",
          "pm10Value": "13",
          "khaiGrade": "1",
          "pm25Value": "8",
          "sidoName": "서울",
          "no2Flag": null,
          "no2Grade": "1",
          "o3Flag": null,
          "pm25Grade": "1",
          "so2Flag": null,
          "dataTime": "2022-08-16 21:00",
          "coGrade": "1",
          "no2Value": "0.030",
          "stationName": "중구",
          "pm10Grade": "1",
          "o3Value": "0.029"
        },
        {
          "so2Grade": "1",
          "coFlag": null,
          "khaiValue": "61",
          "so2Value": "0.004",
          "coValue": "0.6",
          "pm25Flag": null,
          "pm10Flag": null,
          "o3Grade": "1",
          "pm10Value": "38",
          "khaiGrade": "2",
          "pm25Value": "13",
          "sidoName": "서울",
          "no2Flag": null,
          "no2Grade": "2",
          "o3Flag": null,
          "pm25Grade": "1",
          "so2Flag": null,
          "dataTime": "2022-08-16 21:00",
          "coGrade": "1",
          "no2Value": "0.037",
          "stationName": "한강대로",
          "pm10Grade": "2",
          "o3Value": "0.012"
        },
        {
          "so2Grade": "1",
          "coFlag": null,
          "khaiValue": "-",
          "so2Value": "0.004",
          "coValue": "0.5",
          "pm25Flag": null,
          "pm10Flag": null,
          "o3Grade": "1",
          "pm10Value": "22",
          "khaiGrade": null,
          "pm25Value": "10",
          "sidoName": "서울",
          "no2Flag": null,
          "no2Grade": "1",
          "o3Flag": null,
          "pm25Grade": "1",
          "so2Flag": null,
          "dataTime": "2022-08-16 21:00",
          "coGrade": "1",
          "no2Value": "0.027",
          "stationName": "종로구",
          "pm10Grade": null,
          "o3Value": "0.028"
        },
        {
          "so2Grade": "1",
          "coFlag": null,
          "khaiValue": "82",
          "so2Value": "0.003",
          "coValue": "0.5",
          "pm25Flag": null,
          "pm10Flag": "장비점검",
          "o3Grade": "1",
          "pm10Value": "-",
          "khaiGrade": "2",
          "pm25Value": "11",
          "sidoName": "서울",
          "no2Flag": null,
          "no2Grade": "2",
          "o3Flag": null,
          "pm25Grade": "1",
          "so2Flag": null,
          "dataTime": "2022-08-16 21:00",
          "coGrade": "1",
          "no2Value": "0.039",
          "stationName": "청계천로",
          "pm10Grade": "2",
          "o3Value": "0.017"
        },
        {
          "so2Grade": "1",
          "coFlag": null,
          "khaiValue": "45",
          "so2Value": "0.003",
          "coValue": "0.5",
          "pm25Flag": null,
          "pm10Flag": null,
          "o3Grade": "1",
          "pm10Value": "19",
          "khaiGrade": "1",
          "pm25Value": "10",
          "sidoName": "서울",
          "no2Flag": null,
          "no2Grade": "1",
          "o3Flag": null,
          "pm25Grade": "1",
          "so2Flag": null,
          "dataTime": "2022-08-16 21:00",
          "coGrade": "1",
          "no2Value": "0.027",
          "stationName": "종로",
          "pm10Grade": "1",
          "o3Value": "0.025"
        },
        {
          "so2Grade": "1",
          "coFlag": null,
          "khaiValue": "43",
          "so2Value": "0.003",
          "coValue": "0.3",
          "pm25Flag": null,
          "pm10Flag": null,
          "o3Grade": "1",
          "pm10Value": "12",
          "khaiGrade": "1",
          "pm25Value": "6",
          "sidoName": "서울",
          "no2Flag": null,
          "no2Grade": "1",
          "o3Flag": null,
          "pm25Grade": "1",
          "so2Flag": null,
          "dataTime": "2022-08-16 21:00",
          "coGrade": "1",
          "no2Value": "0.026",
          "stationName": "용산구",
          "pm10Grade": "1",
          "o3Value": "0.026"
        },
        {
          "so2Grade": null,
          "coFlag": null,
          "khaiValue": "53",
          "so2Value": "-",
          "coValue": "0.5",
          "pm25Flag": null,
          "pm10Flag": null,
          "o3Grade": "2",
          "pm10Value": "16",
          "khaiGrade": "2",
          "pm25Value": "6",
          "sidoName": "서울",
          "no2Flag": null,
          "no2Grade": "1",
          "o3Flag": null,
          "pm25Grade": "1",
          "so2Flag": "자료이상",
          "dataTime": "2022-08-16 21:00",
          "coGrade": "1",
          "no2Value": "0.017",
          "stationName": "광진구",
          "pm10Grade": "1",
          "o3Value": "0.033"
        },
        {
          "so2Grade": "1",
          "coFlag": null,
          "khaiValue": "50",
          "so2Value": "0.003",
          "coValue": "0.4",
          "pm25Flag": null,
          "pm10Flag": null,
          "o3Grade": "1",
          "pm10Value": "18",
          "khaiGrade": "1",
          "pm25Value": "2",
          "sidoName": "서울",
          "no2Flag": null,
          "no2Grade": "1",
          "o3Flag": null,
          "pm25Grade": "1",
          "so2Flag": null,
          "dataTime": "2022-08-16 21:00",
          "coGrade": "1",
          "no2Value": "0.030",
          "stationName": "성동구",
          "pm10Grade": "1",
          "o3Value": "0.023"
        },
        {
          "so2Grade": "1",
          "coFlag": null,
          "khaiValue": "70",
          "so2Value": "0.002",
          "coValue": "0.5",
          "pm25Flag": null,
          "pm10Flag": null,
          "o3Grade": "1",
          "pm10Value": "19",
          "khaiGrade": "2",
          "pm25Value": "6",
          "sidoName": "서울",
          "no2Flag": null,
          "no2Grade": "2",
          "o3Flag": null,
          "pm25Grade": "1",
          "so2Flag": null,
          "dataTime": "2022-08-16 21:00",
          "coGrade": "1",
          "no2Value": "0.042",
          "stationName": "강변북로",
          "pm10Grade": "1",
          "o3Value": "0.011"
        },
        {
          "so2Grade": "1",
          "coFlag": null,
          "khaiValue": "53",
          "so2Value": "0.003",
          "coValue": "0.3",
          "pm25Flag": null,
          "pm10Flag": null,
          "o3Grade": "2",
          "pm10Value": "21",
          "khaiGrade": "2",
          "pm25Value": "8",
          "sidoName": "서울",
          "no2Flag": null,
          "no2Grade": "1",
          "o3Flag": null,
          "pm25Grade": "1",
          "so2Flag": null,
          "dataTime": "2022-08-16 21:00",
          "coGrade": "1",
          "no2Value": "0.019",
          "stationName": "중랑구",
          "pm10Grade": "1",
          "o3Value": "0.033"
        },
        {
          "so2Grade": null,
          "coFlag": "자료이상",
          "khaiValue": "-",
          "so2Value": "-",
          "coValue": "-",
          "pm25Flag": "자료이상",
          "pm10Flag": "자료이상",
          "o3Grade": null,
          "pm10Value": "-",
          "khaiGrade": null,
          "pm25Value": "-",
          "sidoName": "서울",
          "no2Flag": "자료이상",
          "no2Grade": null,
          "o3Flag": "자료이상",
          "pm25Grade": null,
          "so2Flag": "자료이상",
          "dataTime": "2022-08-16 21:00",
          "coGrade": null,
          "no2Value": "-",
          "stationName": "동대문구",
          "pm10Grade": null,
          "o3Value": "-"
        },
        {
          "so2Grade": "1",
          "coFlag": null,
          "khaiValue": "50",
          "so2Value": "0.003",
          "coValue": "0.5",
          "pm25Flag": null,
          "pm10Flag": null,
          "o3Grade": "1",
          "pm10Value": "15",
          "khaiGrade": "1",
          "pm25Value": "9",
          "sidoName": "서울",
          "no2Flag": null,
          "no2Grade": "1",
          "o3Flag": null,
          "pm25Grade": "1",
          "so2Flag": null,
          "dataTime": "2022-08-16 21:00",
          "coGrade": "1",
          "no2Value": "0.030",
          "stationName": "홍릉로",
          "pm10Grade": "1",
          "o3Value": "0.022"
        },
        {
          "so2Grade": "1",
          "coFlag": null,
          "khaiValue": "50",
          "so2Value": "0.003",
          "coValue": "0.5",
          "pm25Flag": null,
          "pm10Flag": null,
          "o3Grade": "1",
          "pm10Value": "23",
          "khaiGrade": "1",
          "pm25Value": "9",
          "sidoName": "서울",
          "no2Flag": null,
          "no2Grade": "1",
          "o3Flag": null,
          "pm25Grade": "1",
          "so2Flag": null,
          "dataTime": "2022-08-16 21:00",
          "coGrade": "1",
          "no2Value": "0.029",
          "stationName": "성북구",
          "pm10Grade": "1",
          "o3Value": "0.030"
        },
        {
          "so2Grade": "1",
          "coFlag": null,
          "khaiValue": "90",
          "so2Value": "0.003",
          "coValue": "0.5",
          "pm25Flag": null,
          "pm10Flag": null,
          "o3Grade": "1",
          "pm10Value": "23",
          "khaiGrade": "2",
          "pm25Value": "13",
          "sidoName": "서울",
          "no2Flag": null,
          "no2Grade": "2",
          "o3Flag": null,
          "pm25Grade": "1",
          "so2Flag": null,
          "dataTime": "2022-08-16 21:00",
          "coGrade": "1",
          "no2Value": "0.054",
          "stationName": "정릉로",
          "pm10Grade": "1",
          "o3Value": "0.014"
        },
        {
          "so2Grade": "1",
          "coFlag": null,
          "khaiValue": "57",
          "so2Value": "0.002",
          "coValue": "0.3",
          "pm25Flag": null,
          "pm10Flag": null,
          "o3Grade": "2",
          "pm10Value": "15",
          "khaiGrade": "2",
          "pm25Value": "8",
          "sidoName": "서울",
          "no2Flag": null,
          "no2Grade": "1",
          "o3Flag": null,
          "pm25Grade": "1",
          "so2Flag": null,
          "dataTime": "2022-08-16 21:00",
          "coGrade": "1",
          "no2Value": "0.014",
          "stationName": "도봉구",
          "pm10Grade": "1",
          "o3Value": "0.038"
        },
        {
          "so2Grade": null,
          "coFlag": null,
          "khaiValue": "47",
          "so2Value": "-",
          "coValue": "0.3",
          "pm25Flag": null,
          "pm10Flag": null,
          "o3Grade": "1",
          "pm10Value": "21",
          "khaiGrade": "1",
          "pm25Value": "8",
          "sidoName": "서울",
          "no2Flag": null,
          "no2Grade": "1",
          "o3Flag": null,
          "pm25Grade": "1",
          "so2Flag": "자료이상",
          "dataTime": "2022-08-16 21:00",
          "coGrade": "1",
          "no2Value": "0.028",
          "stationName": "은평구",
          "pm10Grade": "1",
          "o3Value": "0.011"
        },
        {
          "so2Grade": "1",
          "coFlag": null,
          "khaiValue": "38",
          "so2Value": "0.002",
          "coValue": "0.4",
          "pm25Flag": null,
          "pm10Flag": null,
          "o3Grade": "1",
          "pm10Value": "21",
          "khaiGrade": "1",
          "pm25Value": "4",
          "sidoName": "서울",
          "no2Flag": null,
          "no2Grade": "1",
          "o3Flag": null,
          "pm25Grade": "1",
          "so2Flag": null,
          "dataTime": "2022-08-16 21:00",
          "coGrade": "1",
          "no2Value": "0.022",
          "stationName": "서대문구",
          "pm10Grade": "1",
          "o3Value": "0.023"
        },
        {
          "so2Grade": "1",
          "coFlag": null,
          "khaiValue": "53",
          "so2Value": "0.003",
          "coValue": "0.4",
          "pm25Flag": null,
          "pm10Flag": null,
          "o3Grade": "1",
          "pm10Value": "10",
          "khaiGrade": "2",
          "pm25Value": "8",
          "sidoName": "서울",
          "no2Flag": null,
          "no2Grade": "2",
          "o3Flag": null,
          "pm25Grade": "1",
          "so2Flag": null,
          "dataTime": "2022-08-16 21:00",
          "coGrade": "1",
          "no2Value": "0.032",
          "stationName": "마포구",
          "pm10Grade": "1",
          "o3Value": "0.020"
        },
        {
          "so2Grade": "1",
          "coFlag": null,
          "khaiValue": "92",
          "so2Value": "0.003",
          "coValue": "0.8",
          "pm25Flag": null,
          "pm10Flag": null,
          "o3Grade": "1",
          "pm10Value": "27",
          "khaiGrade": "2",
          "pm25Value": "8",
          "sidoName": "서울",
          "no2Flag": null,
          "no2Grade": "2",
          "o3Flag": null,
          "pm25Grade": "1",
          "so2Flag": null,
          "dataTime": "2022-08-16 21:00",
          "coGrade": "1",
          "no2Value": "0.055",
          "stationName": "신촌로",
          "pm10Grade": "2",
          "o3Value": "0.012"
        },
        {
          "so2Grade": "1",
          "coFlag": null,
          "khaiValue": "47",
          "so2Value": "0.003",
          "coValue": "0.4",
          "pm25Flag": null,
          "pm10Flag": null,
          "o3Grade": "1",
          "pm10Value": "15",
          "khaiGrade": "1",
          "pm25Value": "10",
          "sidoName": "서울",
          "no2Flag": null,
          "no2Grade": "1",
          "o3Flag": null,
          "pm25Grade": "1",
          "so2Flag": null,
          "dataTime": "2022-08-16 21:00",
          "coGrade": "1",
          "no2Value": "0.020",
          "stationName": "강서구",
          "pm10Grade": "1",
          "o3Value": "0.028"
        },
        {
          "so2Grade": "1",
          "coFlag": null,
          "khaiValue": "63",
          "so2Value": "0.003",
          "coValue": "0.4",
          "pm25Flag": null,
          "pm10Flag": null,
          "o3Grade": "1",
          "pm10Value": "31",
          "khaiGrade": "2",
          "pm25Value": "9",
          "sidoName": "서울",
          "no2Flag": null,
          "no2Grade": "1",
          "o3Flag": null,
          "pm25Grade": "1",
          "so2Flag": null,
          "dataTime": "2022-08-16 21:00",
          "coGrade": "1",
          "no2Value": "0.027",
          "stationName": "공항대로",
          "pm10Grade": "2",
          "o3Value": "0.022"
        },
        {
          "so2Grade": "1",
          "coFlag": null,
          "khaiValue": "45",
          "so2Value": "0.002",
          "coValue": "0.4",
          "pm25Flag": null,
          "pm10Flag": null,
          "o3Grade": "1",
          "pm10Value": "18",
          "khaiGrade": "1",
          "pm25Value": "2",
          "sidoName": "서울",
          "no2Flag": null,
          "no2Grade": "1",
          "o3Flag": null,
          "pm25Grade": "1",
          "so2Flag": null,
          "dataTime": "2022-08-16 21:00",
          "coGrade": "1",
          "no2Value": "0.017",
          "stationName": "구로구",
          "pm10Grade": "1",
          "o3Value": "0.027"
        },
        {
          "so2Grade": "1",
          "coFlag": null,
          "khaiValue": "42",
          "so2Value": "0.002",
          "coValue": "0.4",
          "pm25Flag": null,
          "pm10Flag": null,
          "o3Grade": "1",
          "pm10Value": "16",
          "khaiGrade": "1",
          "pm25Value": "10",
          "sidoName": "서울",
          "no2Flag": null,
          "no2Grade": "1",
          "o3Flag": null,
          "pm25Grade": "1",
          "so2Flag": null,
          "dataTime": "2022-08-16 21:00",
          "coGrade": "1",
          "no2Value": "0.024",
          "stationName": "영등포구",
          "pm10Grade": "1",
          "o3Value": "0.025"
        },
        {
          "so2Grade": "1",
          "coFlag": null,
          "khaiValue": "-",
          "so2Value": "0.003",
          "coValue": "0.5",
          "pm25Flag": null,
          "pm10Flag": null,
          "o3Grade": "1",
          "pm10Value": "28",
          "khaiGrade": null,
          "pm25Value": "9",
          "sidoName": "서울",
          "no2Flag": null,
          "no2Grade": "2",
          "o3Flag": null,
          "pm25Grade": "1",
          "so2Flag": null,
          "dataTime": "2022-08-16 21:00",
          "coGrade": "1",
          "no2Value": "0.039",
          "stationName": "영등포로",
          "pm10Grade": null,
          "o3Value": "0.013"
        },
        {
          "so2Grade": "1",
          "coFlag": null,
          "khaiValue": "50",
          "so2Value": "0.003",
          "coValue": "0.3",
          "pm25Flag": null,
          "pm10Flag": null,
          "o3Grade": "1",
          "pm10Value": "11",
          "khaiGrade": "1",
          "pm25Value": "6",
          "sidoName": "서울",
          "no2Flag": null,
          "no2Grade": "1",
          "o3Flag": null,
          "pm25Grade": "1",
          "so2Flag": null,
          "dataTime": "2022-08-16 21:00",
          "coGrade": "1",
          "no2Value": "0.020",
          "stationName": "동작구",
          "pm10Grade": "1",
          "o3Value": "0.030"
        },
        {
          "so2Grade": "1",
          "coFlag": null,
          "khaiValue": "-",
          "so2Value": "0.003",
          "coValue": "0.6",
          "pm25Flag": null,
          "pm10Flag": null,
          "o3Grade": "1",
          "pm10Value": "64",
          "khaiGrade": null,
          "pm25Value": "11",
          "sidoName": "서울",
          "no2Flag": null,
          "no2Grade": "2",
          "o3Flag": null,
          "pm25Grade": "1",
          "so2Flag": null,
          "dataTime": "2022-08-16 21:00",
          "coGrade": "1",
          "no2Value": "0.033",
          "stationName": "동작대로 중앙차로",
          "pm10Grade": null,
          "o3Value": "0.021"
        },
        {
          "so2Grade": "1",
          "coFlag": null,
          "khaiValue": "45",
          "so2Value": "0.003",
          "coValue": "0.4",
          "pm25Flag": null,
          "pm10Flag": null,
          "o3Grade": "1",
          "pm10Value": "22",
          "khaiGrade": "1",
          "pm25Value": "7",
          "sidoName": "서울",
          "no2Flag": null,
          "no2Grade": "1",
          "o3Flag": null,
          "pm25Grade": "1",
          "so2Flag": null,
          "dataTime": "2022-08-16 21:00",
          "coGrade": "1",
          "no2Value": "0.023",
          "stationName": "관악구",
          "pm10Grade": "1",
          "o3Value": "0.022"
        },
        {
          "so2Grade": "1",
          "coFlag": null,
          "khaiValue": "56",
          "so2Value": "0.003",
          "coValue": "0.4",
          "pm25Flag": null,
          "pm10Flag": null,
          "o3Grade": "2",
          "pm10Value": "12",
          "khaiGrade": "2",
          "pm25Value": "9",
          "sidoName": "서울",
          "no2Flag": null,
          "no2Grade": "1",
          "o3Flag": null,
          "pm25Grade": "1",
          "so2Flag": null,
          "dataTime": "2022-08-16 21:00",
          "coGrade": "1",
          "no2Value": "0.021",
          "stationName": "강남구",
          "pm10Grade": "1",
          "o3Value": "0.037"
        },
        {
          "so2Grade": "1",
          "coFlag": null,
          "khaiValue": "43",
          "so2Value": "0.002",
          "coValue": "0.4",
          "pm25Flag": null,
          "pm10Flag": null,
          "o3Grade": "1",
          "pm10Value": "8",
          "khaiGrade": "1",
          "pm25Value": "2",
          "sidoName": "서울",
          "no2Flag": null,
          "no2Grade": "1",
          "o3Flag": null,
          "pm25Grade": "1",
          "so2Flag": null,
          "dataTime": "2022-08-16 21:00",
          "coGrade": "1",
          "no2Value": "0.020",
          "stationName": "서초구",
          "pm10Grade": "1",
          "o3Value": "0.026"
        },
        {
          "so2Grade": "1",
          "coFlag": null,
          "khaiValue": "45",
          "so2Value": "0.002",
          "coValue": "0.4",
          "pm25Flag": null,
          "pm10Flag": null,
          "o3Grade": "1",
          "pm10Value": "12",
          "khaiGrade": "1",
          "pm25Value": "6",
          "sidoName": "서울",
          "no2Flag": null,
          "no2Grade": "1",
          "o3Flag": null,
          "pm25Grade": "1",
          "so2Flag": null,
          "dataTime": "2022-08-16 21:00",
          "coGrade": "1",
          "no2Value": "0.027",
          "stationName": "도산대로",
          "pm10Grade": "1",
          "o3Value": "0.023"
        },
        {
          "so2Grade": "1",
          "coFlag": null,
          "khaiValue": "53",
          "so2Value": "0.003",
          "coValue": "0.6",
          "pm25Flag": null,
          "pm10Flag": null,
          "o3Grade": "1",
          "pm10Value": "18",
          "khaiGrade": "2",
          "pm25Value": "3",
          "sidoName": "서울",
          "no2Flag": null,
          "no2Grade": "2",
          "o3Flag": null,
          "pm25Grade": "1",
          "so2Flag": null,
          "dataTime": "2022-08-16 21:00",
          "coGrade": "1",
          "no2Value": "0.032",
          "stationName": "강남대로",
          "pm10Grade": "1",
          "o3Value": "0.016"
        },
        {
          "so2Grade": "1",
          "coFlag": null,
          "khaiValue": "-",
          "so2Value": "0.002",
          "coValue": "0.3",
          "pm25Flag": null,
          "pm10Flag": null,
          "o3Grade": "1",
          "pm10Value": "13",
          "khaiGrade": null,
          "pm25Value": "10",
          "sidoName": "서울",
          "no2Flag": null,
          "no2Grade": "1",
          "o3Flag": null,
          "pm25Grade": "1",
          "so2Flag": null,
          "dataTime": "2022-08-16 21:00",
          "coGrade": "1",
          "no2Value": "0.015",
          "stationName": "송파구",
          "pm10Grade": null,
          "o3Value": "0.027"
        },
        {
          "so2Grade": "1",
          "coFlag": null,
          "khaiValue": "56",
          "so2Value": "0.003",
          "coValue": "0.3",
          "pm25Flag": null,
          "pm10Flag": null,
          "o3Grade": "2",
          "pm10Value": "16",
          "khaiGrade": "2",
          "pm25Value": "5",
          "sidoName": "서울",
          "no2Flag": null,
          "no2Grade": "1",
          "o3Flag": null,
          "pm25Grade": "1",
          "so2Flag": null,
          "dataTime": "2022-08-16 21:00",
          "coGrade": "1",
          "no2Value": "0.014",
          "stationName": "강동구",
          "pm10Grade": "1",
          "o3Value": "0.037"
        },
        {
          "so2Grade": "1",
          "coFlag": null,
          "khaiValue": "47",
          "so2Value": "0.003",
          "coValue": "0.4",
          "pm25Flag": null,
          "pm10Flag": null,
          "o3Grade": "1",
          "pm10Value": "15",
          "khaiGrade": "1",
          "pm25Value": "11",
          "sidoName": "서울",
          "no2Flag": null,
          "no2Grade": "1",
          "o3Flag": null,
          "pm25Grade": "1",
          "so2Flag": null,
          "dataTime": "2022-08-16 21:00",
          "coGrade": "1",
          "no2Value": "0.028",
          "stationName": "천호대로",
          "pm10Grade": "1",
          "o3Value": "0.028"
        },
        {
          "so2Grade": "1",
          "coFlag": null,
          "khaiValue": "48",
          "so2Value": "0.002",
          "coValue": "0.3",
          "pm25Flag": null,
          "pm10Flag": null,
          "o3Grade": "1",
          "pm10Value": "14",
          "khaiGrade": "1",
          "pm25Value": "8",
          "sidoName": "서울",
          "no2Flag": null,
          "no2Grade": "1",
          "o3Flag": null,
          "pm25Grade": "1",
          "so2Flag": null,
          "dataTime": "2022-08-16 21:00",
          "coGrade": "1",
          "no2Value": "0.029",
          "stationName": "금천구",
          "pm10Grade": "1",
          "o3Value": "0.017"
        },
        {
          "so2Grade": "1",
          "coFlag": null,
          "khaiValue": "-",
          "so2Value": "0.003",
          "coValue": "0.4",
          "pm25Flag": null,
          "pm10Flag": null,
          "o3Grade": "1",
          "pm10Value": "55",
          "khaiGrade": null,
          "pm25Value": "3",
          "sidoName": "서울",
          "no2Flag": null,
          "no2Grade": "1",
          "o3Flag": null,
          "pm25Grade": "1",
          "so2Flag": null,
          "dataTime": "2022-08-16 21:00",
          "coGrade": "1",
          "no2Value": "0.029",
          "stationName": "시흥대로",
          "pm10Grade": null,
          "o3Value": "0.025"
        },
        {
          "so2Grade": "1",
          "coFlag": null,
          "khaiValue": "53",
          "so2Value": "0.002",
          "coValue": "0.4",
          "pm25Flag": null,
          "pm10Flag": null,
          "o3Grade": "2",
          "pm10Value": "21",
          "khaiGrade": "2",
          "pm25Value": "8",
          "sidoName": "서울",
          "no2Flag": null,
          "no2Grade": "1",
          "o3Flag": null,
          "pm25Grade": "1",
          "so2Flag": null,
          "dataTime": "2022-08-16 21:00",
          "coGrade": "1",
          "no2Value": "0.012",
          "stationName": "강북구",
          "pm10Grade": "1",
          "o3Value": "0.034"
        },
        {
          "so2Grade": "1",
          "coFlag": null,
          "khaiValue": "37",
          "so2Value": "0.003",
          "coValue": "0.4",
          "pm25Flag": null,
          "pm10Flag": null,
          "o3Grade": "1",
          "pm10Value": "16",
          "khaiGrade": "1",
          "pm25Value": "12",
          "sidoName": "서울",
          "no2Flag": null,
          "no2Grade": "1",
          "o3Flag": null,
          "pm25Grade": "1",
          "so2Flag": null,
          "dataTime": "2022-08-16 21:00",
          "coGrade": "1",
          "no2Value": "0.021",
          "stationName": "양천구",
          "pm10Grade": "1",
          "o3Value": "0.022"
        },
        {
          "so2Grade": "1",
          "coFlag": null,
          "khaiValue": "58",
          "so2Value": "0.002",
          "coValue": "0.5",
          "pm25Flag": null,
          "pm10Flag": null,
          "o3Grade": "1",
          "pm10Value": "19",
          "khaiGrade": "2",
          "pm25Value": "9",
          "sidoName": "서울",
          "no2Flag": null,
          "no2Grade": "2",
          "o3Flag": null,
          "pm25Grade": "1",
          "so2Flag": null,
          "dataTime": "2022-08-16 21:00",
          "coGrade": "1",
          "no2Value": "0.035",
          "stationName": "노원구",
          "pm10Grade": "1",
          "o3Value": "0.023"
        },
        {
          "so2Grade": "1",
          "coFlag": null,
          "khaiValue": "58",
          "so2Value": "0.003",
          "coValue": "0.4",
          "pm25Flag": null,
          "pm10Flag": null,
          "o3Grade": "2",
          "pm10Value": "25",
          "khaiGrade": "2",
          "pm25Value": "10",
          "sidoName": "서울",
          "no2Flag": null,
          "no2Grade": "1",
          "o3Flag": null,
          "pm25Grade": "1",
          "so2Flag": null,
          "dataTime": "2022-08-16 21:00",
          "coGrade": "1",
          "no2Value": "0.027",
          "stationName": "화랑로",
          "pm10Grade": "1",
          "o3Value": "0.039"
        }
      ],
      "pageNo": 1,
      "numOfRows": 100
    },
    "header": {
      "resultMsg": "NORMAL_CODE",
      "resultCode": "00"
    }
  }
}
