{
  "response": {
    "body": {
      "totalCount": 44,
      "items": [
        {
          "so2Grade": null,
          "coFlag": "점검및교정",
          "khaiValue": "-",
          "so2Value": "-",
          "coValue": "-",
          "pm25Flag": "점검및교정",
          "pm10Flag": "점검및교정",
          "o3Grade": null,
          "pm10Value": "-",
          "khaiGrade": null,
          "pm25Value": "-",
          "sidoName": "경남",
          "no2Flag": "점검및교정",
          "no2Grade": null,
          "o3Flag": "점검및교정",
          "pm25Grade": null,
          "so2Flag": "점검및교정",
          "dataTime": "2022-08-16 21:00",
          "coGrade": null,
          "no2Value": "-",
          "stationName": "경화동",
          "pm10Grade": null,
          "o3Value": "-"
        },
        {
          "so2Grade": "1",
          "coFlag": null,
          "khaiValue": "48",
          "so2Value": "0.003",
          "coValue": "0.4",
          "pm25Flag": null,
          "pm10Flag": null,
          "o3Grade": "1",
          "pm10Value": "20",
          "khaiGrade": "1",
          "pm25Value": "8",
          "sidoName": "경남",
          "no2Flag": null,
          "no2Grade": "1",
          "o3Flag": null,
          "pm25Grade": "1",
          "so2Flag": null,
          "dataTime": "2022-08-16 21:00",
          "coGrade": "1",
          "no2Value": "0.020",
          "stationName": "월영동",
          "pm10Grade": "1",
          "o3Value": "0.029"
        },
        {
          "so2Grade": "1",
          "coFlag": null,
          "khaiValue": "51",
          "so2Value": "0.002",
          "coValue": "0.3",
          "pm25Flag": null,
          "pm10Flag": null,
          "o3Grade": "2",
          "pm10Value": "18",
          "khaiGrade": "2",
          "pm25Value": "9",
          "sidoName": "경남",
          "no2Flag": null,
          "no2Grade": "1",
          "o3Flag": null,
          "pm25Grade": "1",
          "so2Flag": null,
          "dataTime": "2022-08-16 21:00",
          "coGrade": "1",
          "no2Value": "0.004",
          "stationName": "하동읍",
          "pm10Grade": "1",
          "o3Value": "0.031"
        },
        {
          "so2Grade": "1",
          "coFlag": null,
          "khaiValue": "38",
          "so2Value": "0.003",
          "coValue": "0.3",
          "pm25Flag": null,
          "pm10Flag": null,
          "o3Grade": "1",
          "pm10Value": "22",
          "khaiGrade": "1",
          "pm25Value": "10",
          "sidoName": "경남",
          "no2Flag": null,
          "no2Grade": "1",
          "o3Flag": null,
          "pm25Grade": "1",
          "so2Flag": null,
          "dataTime": "2022-08-16 21:00",
          "coGrade": "1",
          "no2Value": "0.013",
          "stationName": "금성면",
          "pm10Grade": "1",
          "o3Value": "0.023"
        },
        {
          "so2Grade": "1",
          "coFlag": null,
          "khaiValue": "42",
          "so2Value": "0.003",
          "coValue": "0.7",
          "pm25Flag": "자료이상",
          "pm10Flag": null,
          "o3Grade": "1",
          "pm10Value": "14",
          "khaiGrade": "1",
          "pm25Value": "-",
          "sidoName": "경남",
          "no2Flag": null,
          "no2Grade": "1",
          "o3Flag": null,
          "pm25Grade": "1",
          "so2Flag": null,
          "dataTime": "2022-08-16 21:00",
          "coGrade": "1",
          "no2Value": "0.021",
          "stationName": "동상동",
          "pm10Grade": "1",
          "o3Value": "0.025"
        },
        {
          "so2Grade": "1",
          "coFlag": null,
          "khaiValue": "47",
          "so2Value": "0.003",
          "coValue": "0.4",
          "pm25Flag": null,
          "pm10Flag": null,
          "o3Grade": "1",
          "pm10Value": "18",
          "khaiGrade": "1",
          "pm25Value": "11",
          "sidoName": "경남",
          "no2Flag": null,
          "no2Grade": "1",
          "o3Flag": null,
          "pm25Grade": "1",
          "so2Flag": null,
          "dataTime": "2022-08-16 21:00",
          "coGrade": "1",
          "no2Value": "0.016",
          "stationName": "삼방동",
          "pm10Grade": "1",
          "o3Value": "0.028"
        },
        {
          "so2Grade": "1",
          "coFlag": null,
          "khaiValue": "48",
          "so2Value": "0.003",
          "coValue": "0.5",
          "pm25Flag": null,
          "pm10Flag": null,
          "o3Grade": "1",
          "pm10Value": "22",
          "khaiGrade": "1",
          "pm25Value": "18",
          "sidoName": "경남",
          "no2Flag": null,
          "no2Grade": "1",
          "o3Flag": null,
          "pm25Grade": "1",
          "so2Flag": null,
          "dataTime": "2022-08-16 21:00",
          "coGrade": "1",
          "no2Value": "0.029",
          "stationName": "장유동",
          "pm10Grade": "1",
          "o3Value": "0.018"
        },
        {
          "so2Grade": "1",
          "coFlag": null,
          "khaiValue": "43",
          "so2Value": "0.004",
          "coValue": "0.4",
          "pm25Flag": null,
          "pm10Flag": null,
          "o3Grade": "1",
          "pm10Value": "30",
          "khaiGrade": "1",
          "pm25Value": "17",
          "sidoName": "경남",
          "no2Flag": null,
          "no2Grade": "1",
          "o3Flag": null,
          "pm25Grade": "1",
          "so2Flag": null,
          "dataTime": "2022-08-16 21:00",
          "coGrade": "1",
          "no2Value": "0.021",
          "stationName": "진영읍",
          "pm10Grade": "1",
          "o3Value": "0.022"
        },
        {
          "so2Grade": null,
          "coFlag": "점검및교정",
          "khaiValue": "-",
          "so2Value": "-",
          "coValue": "-",
          "pm25Flag": "점검및교정",
          "pm10Flag": "점검및교정",
          "o3Grade": null,
          "pm10Value": "-",
          "khaiGrade": null,
          "pm25Value": "-",
          "sidoName": "경남",
          "no2Flag": "점검및교정",
          "no2Grade": null,
          "o3Flag": "점검및교정",
          "pm25Grade": null,
          "so2Flag": "점검및교정",
          "dataTime": "2022-08-16 21:00",
          "coGrade": null,
          "no2Value": "-",
          "stationName": "김해대로",
          "pm10Grade": null,
          "o3Value": "-"
        },
        {
          "so2Grade": "1",
          "coFlag": null,
          "khaiValue": "28",
          "so2Value": "0.001",
          "coValue": "0.1",
          "pm25Flag": null,
          "pm10Flag": "자료이상",
          "o3Grade": "1",
          "pm10Value": "-",
          "khaiGrade": "1",
          "pm25Value": "2",
          "sidoName": "경남",
          "no2Flag": null,
          "no2Grade": "1",
          "o3Flag": null,
          "pm25Grade": "1",
          "so2Flag": null,
          "dataTime": "2022-08-16 21:00",
          "coGrade": "1",
          "no2Value": "0.004",
          "stationName": "저구리",
          "pm10Grade": "1",
          "o3Value": "0.017"
        },
        {
          "so2Grade": null,
          "coFlag": "점검및교정",
          "khaiValue": "-",
          "so2Value": "-",
          "coValue": "-",
          "pm25Flag": "점검및교정",
          "pm10Flag": "점검및교정",
          "o3Grade": null,
          "pm10Value": "-",
          "khaiGrade": null,
          "pm25Value": "-",
          "sidoName": "경남",
          "no2Flag": "점검및교정",
          "no2Grade": null,
          "o3Flag": "점검및교정",
          "pm25Grade": null,
          "so2Flag": "점검및교정",
          "dataTime": "2022-08-16 21:00",
          "coGrade": null,
          "no2Value": "-",
          "stationName": "아주동",
          "pm10Grade": null,
          "o3Value": "-"
        },
        {
          "so2Grade": "1",
          "coFlag": null,
          "khaiValue": "30",
          "so2Value": "0.003",
          "coValue": "0.5",
          "pm25Flag": null,
          "pm10Flag": null,
          "o3Grade": "1",
          "pm10Value": "19",
          "khaiGrade": "1",
          "pm25Value": "9",
          "sidoName": "경남",
          "no2Flag": null,
          "no2Grade": "1",
          "o3Flag": null,
          "pm25Grade": "1",
          "so2Flag": null,
          "dataTime": "2022-08-16 21:00",
          "coGrade": "1",
          "no2Value": "0.011",
          "stationName": "고현동",
          "pm10Grade": "1",
          "o3Value": "0.014"
        },
        {
          "so2Grade": "1",
          "coFlag": null,
          "khaiValue": "47",
          "so2Value": "0.003",
          "coValue": "0.4",
          "pm25Flag": null,
          "pm10Flag": null,
          "o3Grade": "1",
          "pm10Value": "14",
          "khaiGrade": "1",
          "pm25Value": "9",
          "sidoName": "경남",
          "no2Flag": null,
          "no2Grade": "1",
          "o3Flag": null,
          "pm25Grade": "1",
          "so2Flag": null,
          "dataTime": "2022-08-16 21:00",
          "coGrade": "1",
          "no2Value": "0.015",
          "stationName": "사천읍",
          "pm10Grade": "1",
          "o3Value": "0.028"
        },
        {
          "so2Grade": "1",
          "coFlag": null,
          "khaiValue": "23",
          "so2Value": "0.003",
          "coValue": "0.3",
          "pm25Flag": null,
          "pm10Flag": null,
          "o3Grade": "1",
          "pm10Value": "9",
          "khaiGrade": "1",
          "pm25Value": "4",
          "sidoName": "경남",
          "no2Flag": null,
          "no2Grade": "1",
          "o3Flag": null,
          "pm25Grade": "1",
          "so2Flag": null,
          "dataTime": "2022-08-16 21:00",
          "coGrade": "1",
          "no2Value": "0.012",
          "stationName": "향촌동",
          "pm10Grade": "1",
          "o3Value": "0.011"
        },
        {
          "so2Grade": "1",
          "coFlag": null,
          "khaiValue": "56",
          "so2Value": "0.001",
          "coValue": "0.6",
          "pm25Flag": "자료이상",
          "pm10Flag": null,
          "o3Grade": "1",
          "pm10Value": "26",
          "khaiGrade": "2",
          "pm25Value": "-",
          "sidoName": "경남",
          "no2Flag": null,
          "no2Grade": "1",
          "o3Flag": null,
          "pm25Grade": "2",
          "so2Flag": null,
          "dataTime": "2022-08-16 21:00",
          "coGrade": "1",
          "no2Value": "0.011",
          "stationName": "대산면",
          "pm10Grade": "1",
          "o3Value": "0.017"
        },
        {
          "so2Grade": "1",
          "coFlag": null,
          "khaiValue": "47",
          "so2Value": "0.003",
          "coValue": "0.5",
          "pm25Flag": null,
          "pm10Flag": null,
          "o3Grade": "1",
          "pm10Value": "16",
          "khaiGrade": "1",
          "pm25Value": "14",
          "sidoName": "경남",
          "no2Flag": null,
          "no2Grade": "1",
          "o3Flag": null,
          "pm25Grade": "1",
          "so2Flag": null,
          "dataTime": "2022-08-16 21:00",
          "coGrade": "1",
          "no2Value": "0.028",
          "stationName": "북부동",
          "pm10Grade": "1",
          "o3Value": "0.020"
        },
        {
          "so2Grade": "1",
          "coFlag": null,
          "khaiValue": "50",
          "so2Value": "0.002",
          "coValue": "0.5",
          "pm25Flag": null,
          "pm10Flag": null,
          "o3Grade": "1",
          "pm10Value": "19",
          "khaiGrade": "1",
          "pm25Value": "13",
          "sidoName": "경남",
          "no2Flag": null,
          "no2Grade": "1",
          "o3Flag": null,
          "pm25Grade": "1",
          "so2Flag": null,
          "dataTime": "2022-08-16 21:00",
          "coGrade": "1",
          "no2Value": "0.015",
          "stationName": "삼호동",
          "pm10Grade": "1",
          "o3Value": "0.030"
        },
        {
          "so2Grade": "1",
          "coFlag": null,
          "khaiValue": "42",
          "so2Value": "0.002",
          "coValue": "0.6",
          "pm25Flag": null,
          "pm10Flag": null,
          "o3Grade": "1",
          "pm10Value": "15",
          "khaiGrade": "1",
          "pm25Value": "11",
          "sidoName": "경남",
          "no2Flag": null,
          "no2Grade": "1",
          "o3Flag": null,
          "pm25Grade": "1",
          "so2Flag": null,
          "dataTime": "2022-08-16 21:00",
          "coGrade": "1",
          "no2Value": "0.025",
          "stationName": "물금읍",
          "pm10Grade": "1",
          "o3Value": "0.025"
        },
        {
          "so2Grade": "1",
          "coFlag": null,
          "khaiValue": "42",
          "so2Value": "0.003",
          "coValue": "0.3",
          "pm25Flag": null,
          "pm10Flag": null,
          "o3Grade": "1",
          "pm10Value": "22",
          "khaiGrade": "1",
          "pm25Value": "9",
          "sidoName": "경남",
          "no2Flag": null,
          "no2Grade": "1",
          "o3Flag": null,
          "pm25Grade": "1",
          "so2Flag": null,
          "dataTime": "2022-08-16 21:00",
          "coGrade": "1",
          "no2Value": "0.013",
          "stationName": "내일동",
          "pm10Grade": "1",
          "o3Value": "0.025"
        },
        {
          "so2Grade": null,
          "coFlag": null,
          "khaiValue": "38",
          "so2Value": "-",
          "coValue": "0.3",
          "pm25Flag": null,
          "pm10Flag": null,
          "o3Grade": "1",
          "pm10Value": "22",
          "khaiGrade": "1",
          "pm25Value": "10",
          "sidoName": "경남",
          "no2Flag": null,
          "no2Grade": "1",
          "o3Flag": null,
          "pm25Grade": "1",
          "so2Flag": "자료이상",
          "dataTime": "2022-08-16 21:00",
          "coGrade": "1",
          "no2Value": "0.016",
          "stationName": "무전동",
          "pm10Grade": "1",
          "o3Value": "0.009"
        },
        {
          "so2Grade": "1",
          "coFlag": null,
          "khaiValue": "50",
          "so2Value": "0.002",
          "coValue": "0.4",
          "pm25Flag": null,
          "pm10Flag": null,
          "o3Grade": "1",
          "pm10Value": "8",
          "khaiGrade": "1",
          "pm25Value": "5",
          "sidoName": "경남",
          "no2Flag": null,
          "no2Grade": "1",
          "o3Flag": null,
          "pm25Grade": "1",
          "so2Flag": null,
          "dataTime": "2022-08-16 21:00",
          "coGrade": "1",
          "no2Value": "0.009",
          "stationName": "고성읍",
          "pm10Grade": "1",
          "o3Value": "0.030"
        },
        {
          "so2Grade": null,
          "coFlag": null,
          "khaiValue": "23",
          "so2Value": "-",
          "coValue": "0.4",
          "pm25Flag": null,
          "pm10Flag": null,
          "o3Grade": "1",
          "pm10Value": "16",
          "khaiGrade": "1",
          "pm25Value": "6",
          "sidoName": "경남",
          "no2Flag": null,
          "no2Grade": "1",
          "o3Flag": null,
          "pm25Grade": "1",
          "so2Flag": "자료이상",
          "dataTime": "2022-08-16 21:00",
          "coGrade": "1",
          "no2Value": "0.011",
          "stationName": "거창읍",
          "pm10Grade": "1",
          "o3Value": "0.012"
        },
        {
          "so2Grade": "1",
          "coFlag": null,
          "khaiValue": "58",
          "so2Value": "0.002",
          "coValue": "0.5",
          "pm25Flag": null,
          "pm10Flag": null,
          "o3Grade": "2",
          "pm10Value": "12",
          "khaiGrade": "2",
          "pm25Value": "4",
          "sidoName": "경남",
          "no2Flag": null,
          "no2Grade": "1",
          "o3Flag": null,
          "pm25Grade": "1",
          "so2Flag": null,
          "dataTime": "2022-08-16 21:00",
          "coGrade": "1",
          "no2Value": "0.005",
          "stationName": "가야읍",
          "pm10Grade": "1",
          "o3Value": "0.039"
        },
        {
          "so2Grade": "1",
          "coFlag": null,
          "khaiValue": "20",
          "so2Value": "0.002",
          "coValue": "0.4",
          "pm25Flag": null,
          "pm10Flag": null,
          "o3Grade": "1",
          "pm10Value": "10",
          "khaiGrade": "1",
          "pm25Value": "8",
          "sidoName": "경남",
          "no2Flag": null,
          "no2Grade": "1",
          "o3Flag": null,
          "pm25Grade": "1",
          "so2Flag": null,
          "dataTime": "2022-08-16 21:00",
          "coGrade": "1",
          "no2Value": "0.007",
          "stationName": "함양읍",
          "pm10Grade": "1",
          "o3Value": "0.012"
        },
        {
          "so2Grade": "1",
          "coFlag": null,
          "khaiValue": "52",
          "so2Value": "0.002",
          "coValue": "0.4",
          "pm25Flag": null,
          "pm10Flag": null,
          "o3Grade": "2",
          "pm10Value": "6",
          "khaiGrade": "2",
          "pm25Value": "4",
          "sidoName": "경남",
          "no2Flag": null,
          "no2Grade": "1",
          "o3Flag": null,
          "pm25Grade": "1",
          "so2Flag": null,
          "dataTime": "2022-08-16 21:00",
          "coGrade": "1",
          "no2Value": "0.006",
          "stationName": "남해읍",
          "pm10Grade": "1",
          "o3Value": "0.032"
        },
        {
          "so2Grade": "1",
          "coFlag": null,
          "khaiValue": "50",
          "so2Value": "0.002",
          "coValue": "0.3",
          "pm25Flag": null,
          "pm10Flag": null,
          "o3Grade": "1",
          "pm10Value": "16",
          "khaiGrade": "1",
          "pm25Value": "10",
          "sidoName": "경남",
          "no2Flag": null,
          "no2Grade": "1",
          "o3Flag": null,
          "pm25Grade": "1",
          "so2Flag": null,
          "dataTime": "2022-08-16 21:00",
          "coGrade": "1",
          "no2Value": "0.006",
          "stationName": "산청읍",
          "pm10Grade": "1",
          "o3Value": "0.030"
        },
        {
          "so2Grade": null,
          "coFlag": null,
          "khaiValue": "-",
          "so2Value": "-",
          "coValue": "0.3",
          "pm25Flag": null,
          "pm10Flag": null,
          "o3Grade": "1",
          "pm10Value": "12",
          "khaiGrade": null,
          "pm25Value": "5",
          "sidoName": "경남",
          "no2Flag": null,
          "no2Grade": "1",
          "o3Flag": null,
          "pm25Grade": null,
          "so2Flag": "자료이상",
          "dataTime": "2022-08-16 21:00",
          "coGrade": "1",
          "no2Value": "0.007",
          "stationName": "남상면",
          "pm10Grade": "1",
          "o3Value": "0.012"
        },
        {
          "so2Grade": "1",
          "coFlag": null,
          "khaiValue": "-",
          "so2Value": "0.002",
          "coValue": "0.3",
          "pm25Flag": null,
          "pm10Flag": null,
          "o3Grade": "2",
          "pm10Value": "12",
          "khaiGrade": null,
          "pm25Value": "1",
          "sidoName": "경남",
          "no2Flag": null,
          "no2Grade": "1",
          "o3Flag": null,
          "pm25Grade": null,
          "so2Flag": null,
          "dataTime": "2022-08-16 21:00",
          "coGrade": "1",
          "no2Value": "0.006",
          "stationName": "의령읍",
          "pm10Grade": null,
          "o3Value": "0.033"
        },
        {
          "so2Grade": "1",
          "coFlag": null,
          "khaiValue": "37",
          "so2Value": "0.003",
          "coValue": "0.5",
          "pm25Flag": null,
          "pm10Flag": null,
          "o3Grade": "1",
          "pm10Value": "17",
          "khaiGrade": "1",
          "pm25Value": "12",
          "sidoName": "경남",
          "no2Flag": null,
          "no2Grade": "1",
          "o3Flag": null,
          "pm25Grade": "1",
          "so2Flag": null,
          "dataTime": "2022-08-16 21:00",
          "coGrade": "1",
          "no2Value": "0.017",
          "stationName": "창녕읍",
          "pm10Grade": "1",
          "o3Value": "0.022"
        },
        {
          "so2Grade": "1",
          "coFlag": null,
          "khaiValue": "32",
          "so2Value": "0.003",
          "coValue": "0.3",
          "pm25Flag": null,
          "pm10Flag": null,
          "o3Grade": "1",
          "pm10Value": "19",
          "khaiGrade": "1",
          "pm25Value": "10",
          "sidoName": "경남",
          "no2Flag": null,
          "no2Grade": "1",
          "o3Flag": null,
          "pm25Grade": "1",
          "so2Flag": null,
          "dataTime": "2022-08-16 21:00",
          "coGrade": "1",
          "no2Value": "0.006",
          "stationName": "합천읍",
          "pm10Grade": "1",
          "o3Value": "0.012"
        },
        {
          "so2Grade": "1",
          "coFlag": null,
          "khaiValue": "-",
          "so2Value": "0.001",
          "coValue": "0.2",
          "pm25Flag": "자료이상",
          "pm10Flag": null,
          "o3Grade": "1",
          "pm10Value": "2",
          "khaiGrade": null,
          "pm25Value": "-",
          "sidoName": "경남",
          "no2Flag": null,
          "no2Grade": "1",
          "o3Flag": null,
          "pm25Grade": null,
          "so2Flag": null,
          "dataTime": "2022-08-16 21:00",
          "coGrade": "1",
          "no2Value": "0.019",
          "stationName": "마산항",
          "pm10Grade": "1",
          "o3Value": "0.025"
        },
        {
          "so2Grade": "1",
          "coFlag": null,
          "khaiValue": "47",
          "so2Value": "0.002",
          "coValue": "0.4",
          "pm25Flag": null,
          "pm10Flag": null,
          "o3Grade": "1",
          "pm10Value": "12",
          "khaiGrade": "1",
          "pm25Value": "9",
          "sidoName": "경남",
          "no2Flag": null,
          "no2Grade": "1",
          "o3Flag": null,
          "pm25Grade": "1",
          "so2Flag": null,
          "dataTime": "2022-08-16 21:00",
          "coGrade": "1",
          "no2Value": "0.028",
          "stationName": "회원동",
          "pm10Grade": "1",
          "o3Value": "0.017"
        },
        {
          "so2Grade": "1",
          "coFlag": null,
          "khaiValue": "61",
          "so2Value": "0.003",
          "coValue": "0.4",
          "pm25Flag": null,
          "pm10Flag": null,
          "o3Grade": "1",
          "pm10Value": "17",
          "khaiGrade": "2",
          "pm25Value": "9",
          "sidoName": "경남",
          "no2Flag": null,
          "no2Grade": "2",
          "o3Flag": null,
          "pm25Grade": "1",
          "so2Flag": null,
          "dataTime": "2022-08-16 21:00",
          "coGrade": "1",
          "no2Value": "0.037",
          "stationName": "봉암동",
          "pm10Grade": "1",
          "o3Value": "0.008"
        },
        {
          "so2Grade": "1",
          "coFlag": null,
          "khaiValue": "58",
          "so2Value": "0.003",
          "coValue": "0.4",
          "pm25Flag": null,
          "pm10Flag": null,
          "o3Grade": "2",
          "pm10Value": "12",
          "khaiGrade": "2",
          "pm25Value": "6",
          "sidoName": "경남",
          "no2Flag": null,
          "no2Grade": "1",
          "o3Flag": null,
          "pm25Grade": "1",
          "so2Flag": null,
          "dataTime": "2022-08-16 21:00",
          "coGrade": "1",
          "no2Value": "0.007",
          "stationName": "내서읍",
          "pm10Grade": "1",
          "o3Value": "0.039"
        },
        {
          "so2Grade": null,
          "coFlag": "점검및교정",
          "khaiValue": "-",
          "so2Value": "-",
          "coValue": "-",
          "pm25Flag": "점검및교정",
          "pm10Flag": "점검및교정",
          "o3Grade": null,
          "pm10Value": "-",
          "khaiGrade": null,
          "pm25Value": "-",
          "sidoName": "경남",
          "no2Flag": "점검및교정",
          "no2Grade": null,
          "o3Flag": "점검및교정",
          "pm25Grade": null,
          "so2Flag": "점검및교정",
          "dataTime": "2022-08-16 21:00",
          "coGrade": null,
          "no2Value": "-",
          "stationName": "상봉동",
          "pm10Grade": null,
          "o3Value": "-"
        },
        {
          "so2Grade": "1",
          "coFlag": null,
          "khaiValue": "53",
          "so2Value": "0.002",
          "coValue": "0.6",
          "pm25Flag": null,
          "pm10Flag": null,
          "o3Grade": "2",
          "pm10Value": "16",
          "khaiGrade": "2",
          "pm25Value": "6",
          "sidoName": "경남",
          "no2Flag": null,
          "no2Grade": "1",
          "o3Flag": null,
          "pm25Grade": "1",
          "so2Flag": null,
          "dataTime": "2022-08-16 21:00",
          "coGrade": "1",
          "no2Value": "0.011",
          "stationName": "대안동",
          "pm10Grade": "1",
          "o3Value": "0.034"
        },
        {
          "so2Grade": "1",
          "coFlag": null,
          "khaiValue": "47",
          "so2Value": "0.003",
          "coValue": "0.4",
          "pm25Flag": null,
          "pm10Flag": null,
          "o3Grade": "1",
          "pm10Value": "19",
          "khaiGrade": "1",
          "pm25Value": "10",
          "sidoName": "경남",
          "no2Flag": null,
          "no2Grade": "1",
          "o3Flag": null,
          "pm25Grade": "1",
          "so2Flag": null,
          "dataTime": "2022-08-16 21:00",
          "coGrade": "1",
          "no2Value": "0.022",
          "stationName": "상대동(진주)",
          "pm10Grade": "1",
          "o3Value": "0.021"
        },
        {
          "so2Grade": "1",
          "coFlag": null,
          "khaiValue": "53",
          "so2Value": "0.002",
          "coValue": "0.6",
          "pm25Flag": null,
          "pm10Flag": null,
          "o3Grade": "2",
          "pm10Value": "7",
          "khaiGrade": "2",
          "pm25Value": "5",
          "sidoName": "경남",
          "no2Flag": null,
          "no2Grade": "1",
          "o3Flag": null,
          "pm25Grade": "1",
          "so2Flag": null,
          "dataTime": "2022-08-16 21:00",
          "coGrade": "1",
          "no2Value": "0.007",
          "stationName": "정촌면",
          "pm10Grade": "1",
          "o3Value": "0.034"
        },
        {
          "so2Grade": "1",
          "coFlag": null,
          "khaiValue": "57",
          "so2Value": "0.003",
          "coValue": "0.4",
          "pm25Flag": null,
          "pm10Flag": null,
          "o3Grade": "2",
          "pm10Value": "14",
          "khaiGrade": "2",
          "pm25Value": "10",
          "sidoName": "경남",
          "no2Flag": null,
          "no2Grade": "1",
          "o3Flag": null,
          "pm25Grade": "1",
          "so2Flag": null,
          "dataTime": "2022-08-16 21:00",
          "coGrade": "1",
          "no2Value": "0.014",
          "stationName": "명서동",
          "pm10Grade": "1",
          "o3Value": "0.038"
        },
        {
          "so2Grade": "1",
          "coFlag": null,
          "khaiValue": "51",
          "so2Value": "0.003",
          "coValue": "0.4",
          "pm25Flag": null,
          "pm10Flag": null,
          "o3Grade": "2",
          "pm10Value": "15",
          "khaiGrade": "2",
          "pm25Value": "10",
          "sidoName": "경남",
          "no2Flag": null,
          "no2Grade": "1",
          "o3Flag": null,
          "pm25Grade": "1",
          "so2Flag": null,
          "dataTime": "2022-08-16 21:00",
          "coGrade": "1",
          "no2Value": "0.021",
          "stationName": "웅남동",
          "pm10Grade": "1",
          "o3Value": "0.031"
        },
        {
          "so2Grade": "1",
          "coFlag": null,
          "khaiValue": "47",
          "so2Value": "0.002",
          "coValue": "0.4",
          "pm25Flag": null,
          "pm10Flag": null,
          "o3Grade": "1",
          "pm10Value": "11",
          "khaiGrade": "1",
          "pm25Value": "7",
          "sidoName": "경남",
          "no2Flag": null,
          "no2Grade": "1",
          "o3Flag": null,
          "pm25Grade": "1",
          "so2Flag": null,
          "dataTime": "2022-08-16 21:00",
          "coGrade": "1",
          "no2Value": "0.020",
          "stationName": "성주동",
          "pm10Grade": "1",
          "o3Value": "0.028"
        },
        {
          "so2Grade": "1",
          "coFlag": null,
          "khaiValue": "-",
          "so2Value": "0.002",
          "coValue": "0.5",
          "pm25Flag": null,
          "pm10Flag": null,
          "o3Grade": "1",
          "pm10Value": "4",
          "khaiGrade": null,
          "pm25Value": "4",
          "sidoName": "경남",
          "no2Flag": null,
          "no2Grade": "1",
          "o3Flag": null,
          "pm25Grade": null,
          "so2Flag": null,
          "dataTime": "2022-08-16 21:00",
          "coGrade": "1",
          "no2Value": "0.016",
          "stationName": "용지동",
          "pm10Grade": "1",
          "o3Value": "0.030"
        },
        {
          "so2Grade": "1",
          "coFlag": null,
          "khaiValue": "47",
          "so2Value": "0.003",
          "coValue": "0.3",
          "pm25Flag": null,
          "pm10Flag": null,
          "o3Grade": "1",
          "pm10Value": "12",
          "khaiGrade": "1",
          "pm25Value": "6",
          "sidoName": "경남",
          "no2Flag": null,
          "no2Grade": "1",
          "o3Flag": null,
          "pm25Grade": "1",
          "so2Flag": null,
          "dataTime": "2022-08-16 21:00",
          "coGrade": "1",
          "no2Value": "0.018",
          "stationName": "반송로",
          "pm10Grade": "1",
          "o3Value": "0.028"
        },
        {
          "so2Grade": "1",
          "coFlag": null,
          "khaiValue": "47",
          "so2Value": "0.002",
          "coValue": "0.5",
          "pm25Flag": null,
          "pm10Flag": null,
          "o3Grade": "1",
          "pm10Value": "14",
          "khaiGrade": "1",
          "pm25Value": "3",
          "sidoName": "경남",
          "no2Flag": null,
          "no2Grade": "1",
          "o3Flag": null,
          "pm25Grade": "1",
          "so2Flag": null,
          "dataTime": "2022-08-16 21:00",
          "coGrade": "1",
          "no2Value": "0.014",
          "stationName": "사파동",
          "pm10Grade": "1",
          "o3Value": "0.028"
        }
      ],
      "pageNo": 1,
      "numOfRows": 100
    },
    "header": {
      "resultMsg": "NORMAL_CODE",
      "resultCode": "00"
    }
  }
}
