{
  "response": {
    "body": {
      "totalCount": 35,
      "items": [
        {
          "so2Grade": "1",
          "coFlag": null,
          "khaiValue": "-",
          "so2Value": "0.003",
          "coValue": "0.3",
          "pm25Flag": "점검및교정",
          "pm10Flag": null,
          "o3Grade": "2",
          "pm10Value": "25",
          "khaiGrade": null,
          "pm25Value": "-",
          "sidoName": "강원",
          "no2Flag": null,
          "no2Grade": "1",
          "o3Flag": null,
          "pm25Grade": null,
          "so2Flag": null,
          "dataTime": "2022-08-16 21:00",
          "coGrade": "1",
          "no2Value": "0.014",
          "stationName": "중앙동(강원)",
          "pm10Grade": "1",
          "o3Value": "0.044"
        },
        {
          "so2Grade": "1",
          "coFlag": null,
          "khaiValue": "66",
          "so2Value": "0.003",
          "coValue": "0.4",
          "pm25Flag": null,
          "pm10Flag": null,
          "o3Grade": "2",
          "pm10Value": "24",
          "khaiGrade": "2",
          "pm25Value": "7",
          "sidoName": "강원",
          "no2Flag": null,
          "no2Grade": "1",
          "o3Flag": null,
          "pm25Grade": "1",
          "so2Flag": null,
          "dataTime": "2022-08-16 21:00",
          "coGrade": "1",
          "no2Value": "0.011",
          "stationName": "반곡동(명륜동)",
          "pm10Grade": "1",
          "o3Value": "0.049"
        },
        {
          "so2Grade": "1",
          "coFlag": null,
          "khaiValue": "47",
          "so2Value": "0.002",
          "coValue": "0.4",
          "pm25Flag": null,
          "pm10Flag": null,
          "o3Grade": "1",
          "pm10Value": "23",
          "khaiGrade": "1",
          "pm25Value": "14",
          "sidoName": "강원",
          "no2Flag": null,
          "no2Grade": "1",
          "o3Flag": null,
          "pm25Grade": "1",
          "so2Flag": null,
          "dataTime": "2022-08-16 21:00",
          "coGrade": "1",
          "no2Value": "0.007",
          "stationName": "문막읍",
          "pm10Grade": "1",
          "o3Value": "0.027"
        },
        {
          "so2Grade": "1",
          "coFlag": null,
          "khaiValue": "67",
          "so2Value": "0.002",
          "coValue": "0.3",
          "pm25Flag": null,
          "pm10Flag": null,
          "o3Grade": "2",
          "pm10Value": "26",
          "khaiGrade": "2",
          "pm25Value": "15",
          "sidoName": "강원",
          "no2Flag": null,
          "no2Grade": "1",
          "o3Flag": null,
          "pm25Grade": "1",
          "so2Flag": null,
          "dataTime": "2022-08-16 21:00",
          "coGrade": "1",
          "no2Value": "0.011",
          "stationName": "지정면",
          "pm10Grade": "1",
          "o3Value": "0.050"
        },
        {
          "so2Grade": "1",
          "coFlag": null,
          "khaiValue": "58",
          "so2Value": "0.002",
          "coValue": "0.2",
          "pm25Flag": null,
          "pm10Flag": null,
          "o3Grade": "2",
          "pm10Value": "13",
          "khaiGrade": "2",
          "pm25Value": "9",
          "sidoName": "강원",
          "no2Flag": null,
          "no2Grade": "1",
          "o3Flag": null,
          "pm25Grade": "1",
          "so2Flag": null,
          "dataTime": "2022-08-16 21:00",
          "coGrade": "1",
          "no2Value": "0.004",
          "stationName": "주문진읍",
          "pm10Grade": "1",
          "o3Value": "0.040"
        },
        {
          "so2Grade": "1",
          "coFlag": null,
          "khaiValue": "52",
          "so2Value": "0.003",
          "coValue": "0.2",
          "pm25Flag": null,
          "pm10Flag": null,
          "o3Grade": "2",
          "pm10Value": "14",
          "khaiGrade": "2",
          "pm25Value": "8",
          "sidoName": "강원",
          "no2Flag": null,
          "no2Grade": "1",
          "o3Flag": null,
          "pm25Grade": "1",
          "so2Flag": null,
          "dataTime": "2022-08-16 21:00",
          "coGrade": "1",
          "no2Value": "0.006",
          "stationName": "옥천동",
          "pm10Grade": "1",
          "o3Value": "0.032"
        },
        {
          "so2Grade": null,
          "coFlag": null,
          "khaiValue": "58",
          "so2Value": "-",
          "coValue": "0.2",
          "pm25Flag": null,
          "pm10Flag": null,
          "o3Grade": "2",
          "pm10Value": "7",
          "khaiGrade": "2",
          "pm25Value": "3",
          "sidoName": "강원",
          "no2Flag": null,
          "no2Grade": "1",
          "o3Flag": null,
          "pm25Grade": "1",
          "so2Flag": "자료이상",
          "dataTime": "2022-08-16 21:00",
          "coGrade": "1",
          "no2Value": "0.004",
          "stationName": "천곡동",
          "pm10Grade": "1",
          "o3Value": "0.040"
        },
        {
          "so2Grade": "1",
          "coFlag": null,
          "khaiValue": "57",
          "so2Value": "0.001",
          "coValue": "0.2",
          "pm25Flag": null,
          "pm10Flag": null,
          "o3Grade": "2",
          "pm10Value": "7",
          "khaiGrade": "2",
          "pm25Value": "1",
          "sidoName": "강원",
          "no2Flag": null,
          "no2Grade": "1",
          "o3Flag": null,
          "pm25Grade": "1",
          "so2Flag": null,
          "dataTime": "2022-08-16 21:00",
          "coGrade": "1",
          "no2Value": "0.003",
          "stationName": "남양동1",
          "pm10Grade": "1",
          "o3Value": "0.038"
        },
        {
          "so2Grade": "1",
          "coFlag": null,
          "khaiValue": "48",
          "so2Value": "0.002",
          "coValue": "0.3",
          "pm25Flag": null,
          "pm10Flag": null,
          "o3Grade": "1",
          "pm10Value": "17",
          "khaiGrade": "1",
          "pm25Value": "10",
          "sidoName": "강원",
          "no2Flag": null,
          "no2Grade": "1",
          "o3Flag": null,
          "pm25Grade": "1",
          "so2Flag": null,
          "dataTime": "2022-08-16 21:00",
          "coGrade": "1",
          "no2Value": "0.006",
          "stationName": "평창읍",
          "pm10Grade": "1",
          "o3Value": "0.029"
        },
        {
          "so2Grade": "1",
          "coFlag": null,
          "khaiValue": "51",
          "so2Value": "0.002",
          "coValue": "0.3",
          "pm25Flag": null,
          "pm10Flag": null,
          "o3Grade": "2",
          "pm10Value": "19",
          "khaiGrade": "2",
          "pm25Value": "12",
          "sidoName": "강원",
          "no2Flag": null,
          "no2Grade": "1",
          "o3Flag": null,
          "pm25Grade": "1",
          "so2Flag": null,
          "dataTime": "2022-08-16 21:00",
          "coGrade": "1",
          "no2Value": "0.003",
          "stationName": "북평면",
          "pm10Grade": "1",
          "o3Value": "0.031"
        },
        {
          "so2Grade": "1",
          "coFlag": null,
          "khaiValue": "53",
          "so2Value": "0.001",
          "coValue": "0.3",
          "pm25Flag": null,
          "pm10Flag": null,
          "o3Grade": "2",
          "pm10Value": "26",
          "khaiGrade": "2",
          "pm25Value": "15",
          "sidoName": "강원",
          "no2Flag": null,
          "no2Grade": "1",
          "o3Flag": null,
          "pm25Grade": "1",
          "so2Flag": null,
          "dataTime": "2022-08-16 21:00",
          "coGrade": "1",
          "no2Value": "0.007",
          "stationName": "정선읍",
          "pm10Grade": "1",
          "o3Value": "0.034"
        },
        {
          "so2Grade": "1",
          "coFlag": null,
          "khaiValue": "-",
          "so2Value": "0.001",
          "coValue": "0.5",
          "pm25Flag": null,
          "pm10Flag": null,
          "o3Grade": "2",
          "pm10Value": "5",
          "khaiGrade": null,
          "pm25Value": "5",
          "sidoName": "강원",
          "no2Flag": null,
          "no2Grade": "1",
          "o3Flag": null,
          "pm25Grade": null,
          "so2Flag": null,
          "dataTime": "2022-08-16 21:00",
          "coGrade": "1",
          "no2Value": "0.002",
          "stationName": "간성읍",
          "pm10Grade": "1",
          "o3Value": "0.036"
        },
        {
          "so2Grade": "1",
          "coFlag": null,
          "khaiValue": "-",
          "so2Value": "0.003",
          "coValue": "0.2",
          "pm25Flag": "장비점검",
          "pm10Flag": "장비점검",
          "o3Grade": "2",
          "pm10Value": "-",
          "khaiGrade": null,
          "pm25Value": "-",
          "sidoName": "강원",
          "no2Flag": null,
          "no2Grade": "1",
          "o3Flag": null,
          "pm25Grade": null,
          "so2Flag": null,
          "dataTime": "2022-08-16 21:00",
          "coGrade": "1",
          "no2Value": "0.005",
          "stationName": "치악산",
          "pm10Grade": null,
          "o3Value": "0.032"
        },
        {
          "so2Grade": "1",
          "coFlag": null,
          "khaiValue": "56",
          "so2Value": "0.002",
          "coValue": "0.5",
          "pm25Flag": null,
          "pm10Flag": null,
          "o3Grade": "2",
          "pm10Value": "25",
          "khaiGrade": "2",
          "pm25Value": "9",
          "sidoName": "강원",
          "no2Flag": null,
          "no2Grade": "1",
          "o3Flag": null,
          "pm25Grade": "1",
          "so2Flag": null,
          "dataTime": "2022-08-16 21:00",
          "coGrade": "1",
          "no2Value": "0.013",
          "stationName": "횡성읍",
          "pm10Grade": "1",
          "o3Value": "0.037"
        },
        {
          "so2Grade": "1",
          "coFlag": null,
          "khaiValue": "53",
          "so2Value": "0.002",
          "coValue": "0.4",
          "pm25Flag": null,
          "pm10Flag": null,
          "o3Grade": "2",
          "pm10Value": "12",
          "khaiGrade": "2",
          "pm25Value": "5",
          "sidoName": "강원",
          "no2Flag": null,
          "no2Grade": "1",
          "o3Flag": null,
          "pm25Grade": "1",
          "so2Flag": null,
          "dataTime": "2022-08-16 21:00",
          "coGrade": "1",
          "no2Value": "0.002",
          "stationName": "상리",
          "pm10Grade": "1",
          "o3Value": "0.034"
        },
        {
          "so2Grade": "1",
          "coFlag": null,
          "khaiValue": "66",
          "so2Value": "0.002",
          "coValue": "0.5",
          "pm25Flag": "자료이상",
          "pm10Flag": null,
          "o3Grade": "2",
          "pm10Value": "7",
          "khaiGrade": "2",
          "pm25Value": "-",
          "sidoName": "강원",
          "no2Flag": null,
          "no2Grade": "1",
          "o3Flag": null,
          "pm25Grade": "1",
          "so2Flag": null,
          "dataTime": "2022-08-16 21:00",
          "coGrade": "1",
          "no2Value": "0.003",
          "stationName": "양양읍",
          "pm10Grade": "1",
          "o3Value": "0.049"
        },
        {
          "so2Grade": null,
          "coFlag": null,
          "khaiValue": "54",
          "so2Value": "-",
          "coValue": "0.2",
          "pm25Flag": null,
          "pm10Flag": null,
          "o3Grade": "2",
          "pm10Value": "9",
          "khaiGrade": "2",
          "pm25Value": "2",
          "sidoName": "강원",
          "no2Flag": null,
          "no2Grade": "1",
          "o3Flag": null,
          "pm25Grade": "1",
          "so2Flag": "자료이상",
          "dataTime": "2022-08-16 21:00",
          "coGrade": "1",
          "no2Value": "0.005",
          "stationName": "금호동",
          "pm10Grade": "1",
          "o3Value": "0.035"
        },
        {
          "so2Grade": null,
          "coFlag": null,
          "khaiValue": "35",
          "so2Value": "-",
          "coValue": "0.3",
          "pm25Flag": null,
          "pm10Flag": null,
          "o3Grade": "1",
          "pm10Value": "13",
          "khaiGrade": "1",
          "pm25Value": "7",
          "sidoName": "강원",
          "no2Flag": null,
          "no2Grade": "1",
          "o3Flag": null,
          "pm25Grade": "1",
          "so2Flag": "자료이상",
          "dataTime": "2022-08-16 21:00",
          "coGrade": "1",
          "no2Value": "0.005",
          "stationName": "갈말읍",
          "pm10Grade": "1",
          "o3Value": "0.021"
        },
        {
          "so2Grade": "1",
          "coFlag": null,
          "khaiValue": "62",
          "so2Value": "0.002",
          "coValue": "0.3",
          "pm25Flag": null,
          "pm10Flag": null,
          "o3Grade": "2",
          "pm10Value": "17",
          "khaiGrade": "2",
          "pm25Value": "15",
          "sidoName": "강원",
          "no2Flag": null,
          "no2Grade": "1",
          "o3Flag": null,
          "pm25Grade": "1",
          "so2Flag": null,
          "dataTime": "2022-08-16 21:00",
          "coGrade": "1",
          "no2Value": "0.011",
          "stationName": "홍천읍",
          "pm10Grade": "1",
          "o3Value": "0.044"
        },
        {
          "so2Grade": null,
          "coFlag": null,
          "khaiValue": "47",
          "so2Value": "-",
          "coValue": "0.8",
          "pm25Flag": null,
          "pm10Flag": null,
          "o3Grade": "1",
          "pm10Value": "18",
          "khaiGrade": "1",
          "pm25Value": "9",
          "sidoName": "강원",
          "no2Flag": null,
          "no2Grade": "1",
          "o3Flag": null,
          "pm25Grade": "1",
          "so2Flag": "자료이상",
          "dataTime": "2022-08-16 21:00",
          "coGrade": "1",
          "no2Value": "0.006",
          "stationName": "영월읍",
          "pm10Grade": "1",
          "o3Value": "0.028"
        },
        {
          "so2Grade": null,
          "coFlag": null,
          "khaiValue": "52",
          "so2Value": "-",
          "coValue": "0.4",
          "pm25Flag": null,
          "pm10Flag": null,
          "o3Grade": "2",
          "pm10Value": "23",
          "khaiGrade": "2",
          "pm25Value": "17",
          "sidoName": "강원",
          "no2Flag": null,
          "no2Grade": "1",
          "o3Flag": null,
          "pm25Grade": "1",
          "so2Flag": "자료이상",
          "dataTime": "2022-08-16 21:00",
          "coGrade": "1",
          "no2Value": "0.005",
          "stationName": "화천읍",
          "pm10Grade": "1",
          "o3Value": "0.032"
        },
        {
          "so2Grade": "1",
          "coFlag": null,
          "khaiValue": "40",
          "so2Value": "0.002",
          "coValue": "0.3",
          "pm25Flag": null,
          "pm10Flag": null,
          "o3Grade": "1",
          "pm10Value": "21",
          "khaiGrade": "1",
          "pm25Value": "10",
          "sidoName": "강원",
          "no2Flag": null,
          "no2Grade": "1",
          "o3Flag": null,
          "pm25Grade": "1",
          "so2Flag": null,
          "dataTime": "2022-08-16 21:00",
          "coGrade": "1",
          "no2Value": "0.006",
          "stationName": "황지동",
          "pm10Grade": "1",
          "o3Value": "0.024"
        },
        {
          "so2Grade": null,
          "coFlag": null,
          "khaiValue": "53",
          "so2Value": "-",
          "coValue": "0.3",
          "pm25Flag": null,
          "pm10Flag": null,
          "o3Grade": "2",
          "pm10Value": "22",
          "khaiGrade": "2",
          "pm25Value": "7",
          "sidoName": "강원",
          "no2Flag": null,
          "no2Grade": "1",
          "o3Flag": null,
          "pm25Grade": "1",
          "so2Flag": "자료이상",
          "dataTime": "2022-08-16 21:00",
          "coGrade": "1",
          "no2Value": "0.005",
          "stationName": "인제읍",
          "pm10Grade": "1",
          "o3Value": "0.033"
        },
        {
          "so2Grade": null,
          "coFlag": null,
          "khaiValue": "77",
          "so2Value": "-",
          "coValue": "0.5",
          "pm25Flag": null,
          "pm10Flag": null,
          "o3Grade": "2",
          "pm10Value": "22",
          "khaiGrade": "2",
          "pm25Value": "12",
          "sidoName": "강원",
          "no2Flag": null,
          "no2Grade": "1",
          "o3Flag": null,
          "pm25Grade": "1",
          "so2Flag": "자료이상",
          "dataTime": "2022-08-16 21:00",
          "coGrade": "1",
          "no2Value": "0.013",
          "stationName": "중앙로",
          "pm10Grade": "1",
          "o3Value": "0.062"
        },
        {
          "so2Grade": "1",
          "coFlag": null,
          "khaiValue": "72",
          "so2Value": "0.003",
          "coValue": "0.8",
          "pm25Flag": null,
          "pm10Flag": null,
          "o3Grade": "2",
          "pm10Value": "26",
          "khaiGrade": "2",
          "pm25Value": "11",
          "sidoName": "강원",
          "no2Flag": null,
          "no2Grade": "1",
          "o3Flag": null,
          "pm25Grade": "1",
          "so2Flag": null,
          "dataTime": "2022-08-16 21:00",
          "coGrade": "1",
          "no2Value": "0.011",
          "stationName": "석사동",
          "pm10Grade": "1",
          "o3Value": "0.056"
        },
        {
          "so2Grade": null,
          "coFlag": null,
          "khaiValue": "68",
          "so2Value": "-",
          "coValue": "0.5",
          "pm25Flag": null,
          "pm10Flag": null,
          "o3Grade": "2",
          "pm10Value": "26",
          "khaiGrade": "2",
          "pm25Value": "16",
          "sidoName": "강원",
          "no2Flag": null,
          "no2Grade": "1",
          "o3Flag": null,
          "pm25Grade": "1",
          "so2Flag": "자료이상",
          "dataTime": "2022-08-16 21:00",
          "coGrade": "1",
          "no2Value": "0.008",
          "stationName": "신사우동",
          "pm10Grade": "1",
          "o3Value": "0.052"
        },
        {
          "so2Grade": "1",
          "coFlag": null,
          "khaiValue": "65",
          "so2Value": "0.002",
          "coValue": "0.7",
          "pm25Flag": null,
          "pm10Flag": null,
          "o3Grade": "2",
          "pm10Value": "31",
          "khaiGrade": "2",
          "pm25Value": "21",
          "sidoName": "강원",
          "no2Flag": null,
          "no2Grade": "1",
          "o3Flag": null,
          "pm25Grade": "1",
          "so2Flag": null,
          "dataTime": "2022-08-16 21:00",
          "coGrade": "1",
          "no2Value": "0.026",
          "stationName": "온의동",
          "pm10Grade": "1",
          "o3Value": "0.048"
        },
        {
          "so2Grade": "1",
          "coFlag": null,
          "khaiValue": "33",
          "so2Value": "0.001",
          "coValue": "0.6",
          "pm25Flag": null,
          "pm10Flag": null,
          "o3Grade": "1",
          "pm10Value": "18",
          "khaiGrade": "1",
          "pm25Value": "10",
          "sidoName": "강원",
          "no2Flag": null,
          "no2Grade": "1",
          "o3Flag": null,
          "pm25Grade": "1",
          "so2Flag": null,
          "dataTime": "2022-08-16 21:00",
          "coGrade": "1",
          "no2Value": "0.002",
          "stationName": "방산면",
          "pm10Grade": "1",
          "o3Value": "0.018"
        },
        {
          "so2Grade": null,
          "coFlag": null,
          "khaiValue": "51",
          "so2Value": "-",
          "coValue": "0.4",
          "pm25Flag": null,
          "pm10Flag": null,
          "o3Grade": "2",
          "pm10Value": "15",
          "khaiGrade": "2",
          "pm25Value": "8",
          "sidoName": "강원",
          "no2Flag": null,
          "no2Grade": "1",
          "o3Flag": null,
          "pm25Grade": "1",
          "so2Flag": "자료이상",
          "dataTime": "2022-08-16 21:00",
          "coGrade": "1",
          "no2Value": "0.004",
          "stationName": "양구읍",
          "pm10Grade": "1",
          "o3Value": "0.031"
        },
        {
          "so2Grade": "1",
          "coFlag": null,
          "khaiValue": "45",
          "so2Value": "0.002",
          "coValue": "0.3",
          "pm25Flag": null,
          "pm10Flag": null,
          "o3Grade": "1",
          "pm10Value": "11",
          "khaiGrade": "1",
          "pm25Value": "0",
          "sidoName": "강원",
          "no2Flag": null,
          "no2Grade": "1",
          "o3Flag": null,
          "pm25Grade": "1",
          "so2Flag": null,
          "dataTime": "2022-08-16 21:00",
          "coGrade": "1",
          "no2Value": "0.013",
          "stationName": "동해항",
          "pm10Grade": "1",
          "o3Value": "0.027"
        },
        {
          "so2Grade": "1",
          "coFlag": null,
          "khaiValue": "53",
          "so2Value": "0.002",
          "coValue": "0.3",
          "pm25Flag": "자료이상",
          "pm10Flag": null,
          "o3Grade": "2",
          "pm10Value": "5",
          "khaiGrade": "2",
          "pm25Value": "-",
          "sidoName": "강원",
          "no2Flag": null,
          "no2Grade": "1",
          "o3Flag": null,
          "pm25Grade": "1",
          "so2Flag": null,
          "dataTime": "2022-08-16 21:00",
          "coGrade": "1",
          "no2Value": "0.003",
          "stationName": "묵호항",
          "pm10Grade": "1",
          "o3Value": "0.033"
        },
        {
          "so2Grade": "1",
          "coFlag": null,
          "khaiValue": "23",
          "so2Value": "0.002",
          "coValue": "0.4",
          "pm25Flag": null,
          "pm10Flag": null,
          "o3Grade": "1",
          "pm10Value": "7",
          "khaiGrade": "1",
          "pm25Value": "2",
          "sidoName": "강원",
          "no2Flag": null,
          "no2Grade": "1",
          "o3Flag": null,
          "pm25Grade": "1",
          "so2Flag": null,
          "dataTime": "2022-08-16 21:00",
          "coGrade": "1",
          "no2Value": "0.003",
          "stationName": "철원(DMZ)",
          "pm10Grade": "1",
          "o3Value": "0.014"
        },
        {
          "so2Grade": null,
          "coFlag": "자료이상",
          "khaiValue": "-",
          "so2Value": "-",
          "coValue": "-",
          "pm25Flag": "자료이상",
          "pm10Flag": "자료이상",
          "o3Grade": null,
          "pm10Value": "-",
          "khaiGrade": null,
          "pm25Value": "-",
          "sidoName": "강원",
          "no2Flag": "자료이상",
          "no2Grade": null,
          "o3Flag": "자료이상",
          "pm25Grade": "1",
          "so2Flag": "자료이상",
          "dataTime": "2022-08-16 22:00",
          "coGrade": null,
          "no2Value": "-",
          "stationName": "화천(DMZ)",
          "pm10Grade": "1",
          "o3Value": "-"
        },
        {
          "so2Grade": "1",
          "coFlag": null,
          "khaiValue": "-",
          "so2Value": "0.002",
          "coValue": "0.2",
          "pm25Flag": "자료이상",
          "pm10Flag": "자료이상",
          "o3Grade": "2",
          "pm10Value": "-",
          "khaiGrade": null,
          "pm25Value": "-",
          "sidoName": "강원",
          "no2Flag": null,
          "no2Grade": "1",
          "o3Flag": null,
          "pm25Grade": null,
          "so2Flag": null,
          "dataTime": "2022-08-16 21:00",
          "coGrade": "1",
          "no2Value": "0.002",
          "stationName": "인제(DMZ)",
          "pm10Grade": null,
          "o3Value": "0.033"
        },
        {
          "so2Grade": "1",
          "coFlag": null,
          "khaiValue": "54",
          "so2Value": "0.001",
          "coValue": "0.2",
          "pm25Flag": null,
          "pm10Flag": null,
          "o3Grade": "2",
          "pm10Value": "8",
          "khaiGrade": "2",
          "pm25Value": "1",
          "sidoName": "강원",
          "no2Flag": null,
          "no2Grade": "1",
          "o3Flag": null,
          "pm25Grade": "1",
          "so2Flag": null,
          "dataTime": "2022-08-16 21:00",
          "coGrade": "1",
          "no2Value": "0.002",
          "stationName": "고성(DMZ)",
          "pm10Grade": "1",
          "o3Value": "0.035"
        }
      ],
      "pageNo": 1,
      "numOfRows": 100
    },
    "header": {
      "resultMsg": "NORMAL_CODE",
      "resultCode": "00"
    }
  }
}
