{
  "response": {
    "body": {
      "totalCount": 53,
      "items": [
        {
          "so2Grade": "1",
          "coFlag": null,
          "khaiValue": "-",
          "so2Value": "0.003",
          "coValue": "0.3",
          "pm25Flag": null,
          "pm10Flag": null,
          "o3Grade": "1",
          "pm10Value": "15",
          "khaiGrade": null,
          "pm25Value": "6",
          "sidoName": "경북",
          "no2Flag": null,
          "no2Grade": "1",
          "o3Flag": null,
          "pm25Grade": null,
          "so2Flag": null,
          "dataTime": "2022-08-16 21:00",
          "coGrade": "1",
          "no2Value": "0.019",
          "stationName": "우현동",
          "pm10Grade": null,
          "o3Value": "0.017"
        },
        {
          "so2Grade": "1",
          "coFlag": null,
          "khaiValue": "-",
          "so2Value": "0.002",
          "coValue": "0.3",
          "pm25Flag": null,
          "pm10Flag": null,
          "o3Grade": "1",
          "pm10Value": "20",
          "khaiGrade": null,
          "pm25Value": "9",
          "sidoName": "경북",
          "no2Flag": null,
          "no2Grade": "1",
          "o3Flag": null,
          "pm25Grade": null,
          "so2Flag": null,
          "dataTime": "2022-08-16 21:00",
          "coGrade": "1",
          "no2Value": "0.009",
          "stationName": "장흥동",
          "pm10Grade": null,
          "o3Value": "0.016"
        },
        {
          "so2Grade": "1",
          "coFlag": null,
          "khaiValue": "53",
          "so2Value": "0.003",
          "coValue": "0.3",
          "pm25Flag": null,
          "pm10Flag": null,
          "o3Grade": "2",
          "pm10Value": "18",
          "khaiGrade": "2",
          "pm25Value": "9",
          "sidoName": "경북",
          "no2Flag": null,
          "no2Grade": "1",
          "o3Flag": null,
          "pm25Grade": "1",
          "so2Flag": null,
          "dataTime": "2022-08-16 21:00",
          "coGrade": "1",
          "no2Value": "0.010",
          "stationName": "장량동",
          "pm10Grade": "1",
          "o3Value": "0.034"
        },
        {
          "so2Grade": "1",
          "coFlag": null,
          "khaiValue": "37",
          "so2Value": "0.002",
          "coValue": "0.2",
          "pm25Flag": null,
          "pm10Flag": null,
          "o3Grade": "1",
          "pm10Value": "21",
          "khaiGrade": "1",
          "pm25Value": "9",
          "sidoName": "경북",
          "no2Flag": null,
          "no2Grade": "1",
          "o3Flag": null,
          "pm25Grade": "1",
          "so2Flag": null,
          "dataTime": "2022-08-16 21:00",
          "coGrade": "1",
          "no2Value": "0.014",
          "stationName": "대도동",
          "pm10Grade": "1",
          "o3Value": "0.022"
        },
        {
          "so2Grade": null,
          "coFlag": "점검및교정",
          "khaiValue": "-",
          "so2Value": "-",
          "coValue": "-",
          "pm25Flag": "점검및교정",
          "pm10Flag": "점검및교정",
          "o3Grade": null,
          "pm10Value": "-",
          "khaiGrade": null,
          "pm25Value": "-",
          "sidoName": "경북",
          "no2Flag": "점검및교정",
          "no2Grade": null,
          "o3Flag": "점검및교정",
          "pm25Grade": null,
          "so2Flag": "점검및교정",
          "dataTime": "2022-08-16 21:00",
          "coGrade": null,
          "no2Value": "-",
          "stationName": "대송면",
          "pm10Grade": null,
          "o3Value": "-"
        },
        {
          "so2Grade": "1",
          "coFlag": null,
          "khaiValue": "33",
          "so2Value": "0.002",
          "coValue": "0.3",
          "pm25Flag": null,
          "pm10Flag": null,
          "o3Grade": "1",
          "pm10Value": "27",
          "khaiGrade": "1",
          "pm25Value": "8",
          "sidoName": "경북",
          "no2Flag": null,
          "no2Grade": "1",
          "o3Flag": null,
          "pm25Grade": "1",
          "so2Flag": null,
          "dataTime": "2022-08-16 21:00",
          "coGrade": "1",
          "no2Value": "0.008",
          "stationName": "3공단",
          "pm10Grade": "1",
          "o3Value": "0.019"
        },
        {
          "so2Grade": "1",
          "coFlag": null,
          "khaiValue": "-",
          "so2Value": "0.003",
          "coValue": "0.4",
          "pm25Flag": "자료이상",
          "pm10Flag": null,
          "o3Grade": "1",
          "pm10Value": "6",
          "khaiGrade": null,
          "pm25Value": "-",
          "sidoName": "경북",
          "no2Flag": null,
          "no2Grade": "1",
          "o3Flag": null,
          "pm25Grade": null,
          "so2Flag": null,
          "dataTime": "2022-08-16 21:00",
          "coGrade": "1",
          "no2Value": "0.014",
          "stationName": "송도동",
          "pm10Grade": "1",
          "o3Value": "0.023"
        },
        {
          "so2Grade": "1",
          "coFlag": null,
          "khaiValue": "52",
          "so2Value": "0.002",
          "coValue": "0.2",
          "pm25Flag": null,
          "pm10Flag": null,
          "o3Grade": "2",
          "pm10Value": "28",
          "khaiGrade": "2",
          "pm25Value": "7",
          "sidoName": "경북",
          "no2Flag": null,
          "no2Grade": "1",
          "o3Flag": null,
          "pm25Grade": "1",
          "so2Flag": null,
          "dataTime": "2022-08-16 21:00",
          "coGrade": "1",
          "no2Value": "0.010",
          "stationName": "오천읍",
          "pm10Grade": "1",
          "o3Value": "0.032"
        },
        {
          "so2Grade": "1",
          "coFlag": null,
          "khaiValue": "35",
          "so2Value": "0.003",
          "coValue": "0.9",
          "pm25Flag": null,
          "pm10Flag": null,
          "o3Grade": "1",
          "pm10Value": "25",
          "khaiGrade": "1",
          "pm25Value": "14",
          "sidoName": "경북",
          "no2Flag": null,
          "no2Grade": "1",
          "o3Flag": null,
          "pm25Grade": "1",
          "so2Flag": null,
          "dataTime": "2022-08-16 21:00",
          "coGrade": "1",
          "no2Value": "0.021",
          "stationName": "청림동",
          "pm10Grade": "1",
          "o3Value": "0.012"
        },
        {
          "so2Grade": "1",
          "coFlag": null,
          "khaiValue": "-",
          "so2Value": "0.002",
          "coValue": "0.4",
          "pm25Flag": null,
          "pm10Flag": null,
          "o3Grade": "1",
          "pm10Value": "25",
          "khaiGrade": null,
          "pm25Value": "0",
          "sidoName": "경북",
          "no2Flag": null,
          "no2Grade": "1",
          "o3Flag": null,
          "pm25Grade": null,
          "so2Flag": null,
          "dataTime": "2022-08-16 21:00",
          "coGrade": "1",
          "no2Value": "0.011",
          "stationName": "연일읍",
          "pm10Grade": "1",
          "o3Value": "0.017"
        },
        {
          "so2Grade": "1",
          "coFlag": null,
          "khaiValue": "40",
          "so2Value": "0.003",
          "coValue": "0.8",
          "pm25Flag": null,
          "pm10Flag": null,
          "o3Grade": "1",
          "pm10Value": "21",
          "khaiGrade": "1",
          "pm25Value": "14",
          "sidoName": "경북",
          "no2Flag": null,
          "no2Grade": "1",
          "o3Flag": null,
          "pm25Grade": "1",
          "so2Flag": null,
          "dataTime": "2022-08-16 21:00",
          "coGrade": "1",
          "no2Value": "0.014",
          "stationName": "제철동",
          "pm10Grade": "1",
          "o3Value": "0.018"
        },
        {
          "so2Grade": "1",
          "coFlag": null,
          "khaiValue": "45",
          "so2Value": "0.003",
          "coValue": "0.2",
          "pm25Flag": null,
          "pm10Flag": null,
          "o3Grade": "1",
          "pm10Value": "17",
          "khaiGrade": "1",
          "pm25Value": "9",
          "sidoName": "경북",
          "no2Flag": null,
          "no2Grade": "1",
          "o3Flag": null,
          "pm25Grade": "1",
          "so2Flag": null,
          "dataTime": "2022-08-16 21:00",
          "coGrade": "1",
          "no2Value": "0.021",
          "stationName": "성건동",
          "pm10Grade": "1",
          "o3Value": "0.027"
        },
        {
          "so2Grade": "1",
          "coFlag": null,
          "khaiValue": "32",
          "so2Value": "0.002",
          "coValue": "0.2",
          "pm25Flag": null,
          "pm10Flag": null,
          "o3Grade": "1",
          "pm10Value": "10",
          "khaiGrade": "1",
          "pm25Value": "10",
          "sidoName": "경북",
          "no2Flag": null,
          "no2Grade": "1",
          "o3Flag": null,
          "pm25Grade": "1",
          "so2Flag": null,
          "dataTime": "2022-08-16 21:00",
          "coGrade": "1",
          "no2Value": "0.010",
          "stationName": "보덕동",
          "pm10Grade": "1",
          "o3Value": "0.019"
        },
        {
          "so2Grade": "1",
          "coFlag": null,
          "khaiValue": "37",
          "so2Value": "0.003",
          "coValue": "0.4",
          "pm25Flag": null,
          "pm10Flag": null,
          "o3Grade": "1",
          "pm10Value": "10",
          "khaiGrade": "1",
          "pm25Value": "8",
          "sidoName": "경북",
          "no2Flag": null,
          "no2Grade": "1",
          "o3Flag": null,
          "pm25Grade": "1",
          "so2Flag": null,
          "dataTime": "2022-08-16 21:00",
          "coGrade": "1",
          "no2Value": "0.006",
          "stationName": "안강읍",
          "pm10Grade": "1",
          "o3Value": "0.022"
        },
        {
          "so2Grade": null,
          "coFlag": null,
          "khaiValue": "38",
          "so2Value": "-",
          "coValue": "0.3",
          "pm25Flag": null,
          "pm10Flag": null,
          "o3Grade": "1",
          "pm10Value": "25",
          "khaiGrade": "1",
          "pm25Value": "11",
          "sidoName": "경북",
          "no2Flag": null,
          "no2Grade": "1",
          "o3Flag": null,
          "pm25Grade": "1",
          "so2Flag": "자료이상",
          "dataTime": "2022-08-16 21:00",
          "coGrade": "1",
          "no2Value": "0.023",
          "stationName": "외동읍",
          "pm10Grade": "1",
          "o3Value": "0.011"
        },
        {
          "so2Grade": "1",
          "coFlag": null,
          "khaiValue": "-",
          "so2Value": "0.003",
          "coValue": "0.2",
          "pm25Flag": "자료이상",
          "pm10Flag": null,
          "o3Grade": "2",
          "pm10Value": "5",
          "khaiGrade": null,
          "pm25Value": "-",
          "sidoName": "경북",
          "no2Flag": null,
          "no2Grade": "1",
          "o3Flag": null,
          "pm25Grade": null,
          "so2Flag": null,
          "dataTime": "2022-08-16 21:00",
          "coGrade": "1",
          "no2Value": "0.007",
          "stationName": "평화남산동",
          "pm10Grade": "1",
          "o3Value": "0.033"
        },
        {
          "so2Grade": "1",
          "coFlag": null,
          "khaiValue": "-",
          "so2Value": "0.003",
          "coValue": "0.3",
          "pm25Flag": null,
          "pm10Flag": null,
          "o3Grade": "1",
          "pm10Value": "15",
          "khaiGrade": null,
          "pm25Value": "8",
          "sidoName": "경북",
          "no2Flag": null,
          "no2Grade": "1",
          "o3Flag": null,
          "pm25Grade": null,
          "so2Flag": null,
          "dataTime": "2022-08-16 21:00",
          "coGrade": "1",
          "no2Value": "0.011",
          "stationName": "대광동",
          "pm10Grade": "1",
          "o3Value": "0.017"
        },
        {
          "so2Grade": null,
          "coFlag": null,
          "khaiValue": "33",
          "so2Value": "-",
          "coValue": "0.4",
          "pm25Flag": null,
          "pm10Flag": null,
          "o3Grade": "1",
          "pm10Value": "9",
          "khaiGrade": "1",
          "pm25Value": "3",
          "sidoName": "경북",
          "no2Flag": null,
          "no2Grade": "1",
          "o3Flag": null,
          "pm25Grade": "1",
          "so2Flag": "자료이상",
          "dataTime": "2022-08-16 21:00",
          "coGrade": "1",
          "no2Value": "0.008",
          "stationName": "율곡동",
          "pm10Grade": "1",
          "o3Value": "0.020"
        },
        {
          "so2Grade": "1",
          "coFlag": null,
          "khaiValue": "55",
          "so2Value": "0.002",
          "coValue": "0.4",
          "pm25Flag": null,
          "pm10Flag": null,
          "o3Grade": "2",
          "pm10Value": "14",
          "khaiGrade": "2",
          "pm25Value": "9",
          "sidoName": "경북",
          "no2Flag": null,
          "no2Grade": "1",
          "o3Flag": null,
          "pm25Grade": "1",
          "so2Flag": null,
          "dataTime": "2022-08-16 21:00",
          "coGrade": "1",
          "no2Value": "0.008",
          "stationName": "명륜동",
          "pm10Grade": "1",
          "o3Value": "0.036"
        },
        {
          "so2Grade": "1",
          "coFlag": null,
          "khaiValue": "37",
          "so2Value": "0.004",
          "coValue": "0.3",
          "pm25Flag": null,
          "pm10Flag": null,
          "o3Grade": "1",
          "pm10Value": "24",
          "khaiGrade": "1",
          "pm25Value": "15",
          "sidoName": "경북",
          "no2Flag": null,
          "no2Grade": "1",
          "o3Flag": null,
          "pm25Grade": "1",
          "so2Flag": null,
          "dataTime": "2022-08-16 21:00",
          "coGrade": "1",
          "no2Value": "0.016",
          "stationName": "공단동",
          "pm10Grade": "1",
          "o3Value": "0.015"
        },
        {
          "so2Grade": "1",
          "coFlag": null,
          "khaiValue": "28",
          "so2Value": "0.002",
          "coValue": "0.2",
          "pm25Flag": null,
          "pm10Flag": null,
          "o3Grade": "1",
          "pm10Value": "21",
          "khaiGrade": "1",
          "pm25Value": "7",
          "sidoName": "경북",
          "no2Flag": null,
          "no2Grade": "1",
          "o3Flag": null,
          "pm25Grade": "1",
          "so2Flag": null,
          "dataTime": "2022-08-16 21:00",
          "coGrade": "1",
          "no2Value": "0.011",
          "stationName": "원평동",
          "pm10Grade": "1",
          "o3Value": "0.007"
        },
        {
          "so2Grade": "1",
          "coFlag": null,
          "khaiValue": "30",
          "so2Value": "0.002",
          "coValue": "0.3",
          "pm25Flag": null,
          "pm10Flag": null,
          "o3Grade": "1",
          "pm10Value": "19",
          "khaiGrade": "1",
          "pm25Value": "9",
          "sidoName": "경북",
          "no2Flag": null,
          "no2Grade": "1",
          "o3Flag": null,
          "pm25Grade": "1",
          "so2Flag": null,
          "dataTime": "2022-08-16 21:00",
          "coGrade": "1",
          "no2Value": "0.012",
          "stationName": "형곡동",
          "pm10Grade": "1",
          "o3Value": "0.014"
        },
        {
          "so2Grade": "1",
          "coFlag": null,
          "khaiValue": "40",
          "so2Value": "0.001",
          "coValue": "0.1",
          "pm25Flag": null,
          "pm10Flag": null,
          "o3Grade": "1",
          "pm10Value": "16",
          "khaiGrade": "1",
          "pm25Value": "7",
          "sidoName": "경북",
          "no2Flag": null,
          "no2Grade": "1",
          "o3Flag": null,
          "pm25Grade": "1",
          "so2Flag": null,
          "dataTime": "2022-08-16 21:00",
          "coGrade": "1",
          "no2Value": "0.007",
          "stationName": "4공단",
          "pm10Grade": "1",
          "o3Value": "0.024"
        },
        {
          "so2Grade": "1",
          "coFlag": null,
          "khaiValue": "37",
          "so2Value": "0.002",
          "coValue": "0.5",
          "pm25Flag": null,
          "pm10Flag": null,
          "o3Grade": "1",
          "pm10Value": "15",
          "khaiGrade": "1",
          "pm25Value": "1",
          "sidoName": "경북",
          "no2Flag": null,
          "no2Grade": "1",
          "o3Flag": null,
          "pm25Grade": "1",
          "so2Flag": null,
          "dataTime": "2022-08-16 21:00",
          "coGrade": "1",
          "no2Value": "0.010",
          "stationName": "진미동",
          "pm10Grade": "1",
          "o3Value": "0.022"
        },
        {
          "so2Grade": "1",
          "coFlag": null,
          "khaiValue": "52",
          "so2Value": "0.003",
          "coValue": "0.4",
          "pm25Flag": null,
          "pm10Flag": null,
          "o3Grade": "2",
          "pm10Value": "16",
          "khaiGrade": "2",
          "pm25Value": "8",
          "sidoName": "경북",
          "no2Flag": null,
          "no2Grade": "1",
          "o3Flag": null,
          "pm25Grade": "1",
          "so2Flag": null,
          "dataTime": "2022-08-16 21:00",
          "coGrade": "1",
          "no2Value": "0.007",
          "stationName": "가흥동",
          "pm10Grade": "1",
          "o3Value": "0.032"
        },
        {
          "so2Grade": null,
          "coFlag": null,
          "khaiValue": "57",
          "so2Value": "-",
          "coValue": "0.4",
          "pm25Flag": null,
          "pm10Flag": null,
          "o3Grade": "2",
          "pm10Value": "22",
          "khaiGrade": "2",
          "pm25Value": "14",
          "sidoName": "경북",
          "no2Flag": null,
          "no2Grade": "1",
          "o3Flag": null,
          "pm25Grade": "1",
          "so2Flag": "자료이상",
          "dataTime": "2022-08-16 21:00",
          "coGrade": "1",
          "no2Value": "0.008",
          "stationName": "영주동",
          "pm10Grade": "1",
          "o3Value": "0.038"
        },
        {
          "so2Grade": "1",
          "coFlag": null,
          "khaiValue": "27",
          "so2Value": "0.003",
          "coValue": "0.4",
          "pm25Flag": null,
          "pm10Flag": null,
          "o3Grade": "1",
          "pm10Value": "17",
          "khaiGrade": "1",
          "pm25Value": "9",
          "sidoName": "경북",
          "no2Flag": null,
          "no2Grade": "1",
          "o3Flag": null,
          "pm25Grade": "1",
          "so2Flag": null,
          "dataTime": "2022-08-16 21:00",
          "coGrade": "1",
          "no2Value": "0.012",
          "stationName": "중방동",
          "pm10Grade": "1",
          "o3Value": "0.007"
        },
        {
          "so2Grade": "1",
          "coFlag": null,
          "khaiValue": "30",
          "so2Value": "0.002",
          "coValue": "0.4",
          "pm25Flag": null,
          "pm10Flag": null,
          "o3Grade": "1",
          "pm10Value": "15",
          "khaiGrade": "1",
          "pm25Value": "6",
          "sidoName": "경북",
          "no2Flag": null,
          "no2Grade": "1",
          "o3Flag": null,
          "pm25Grade": "1",
          "so2Flag": null,
          "dataTime": "2022-08-16 21:00",
          "coGrade": "1",
          "no2Value": "0.013",
          "stationName": "하양읍",
          "pm10Grade": "1",
          "o3Value": "0.013"
        },
        {
          "so2Grade": "1",
          "coFlag": null,
          "khaiValue": "43",
          "so2Value": "0.002",
          "coValue": "0.3",
          "pm25Flag": null,
          "pm10Flag": null,
          "o3Grade": "1",
          "pm10Value": "25",
          "khaiGrade": "1",
          "pm25Value": "16",
          "sidoName": "경북",
          "no2Flag": null,
          "no2Grade": "1",
          "o3Flag": null,
          "pm25Grade": "1",
          "so2Flag": null,
          "dataTime": "2022-08-16 21:00",
          "coGrade": "1",
          "no2Value": "0.025",
          "stationName": "진량읍",
          "pm10Grade": "1",
          "o3Value": "0.008"
        },
        {
          "so2Grade": null,
          "coFlag": null,
          "khaiValue": "45",
          "so2Value": "-",
          "coValue": "0.2",
          "pm25Flag": null,
          "pm10Flag": null,
          "o3Grade": "1",
          "pm10Value": "17",
          "khaiGrade": "1",
          "pm25Value": "6",
          "sidoName": "경북",
          "no2Flag": null,
          "no2Grade": "1",
          "o3Flag": null,
          "pm25Grade": "1",
          "so2Flag": "자료이상",
          "dataTime": "2022-08-16 21:00",
          "coGrade": "1",
          "no2Value": "0.008",
          "stationName": "상주시",
          "pm10Grade": "1",
          "o3Value": "0.027"
        },
        {
          "so2Grade": "1",
          "coFlag": null,
          "khaiValue": "43",
          "so2Value": "0.006",
          "coValue": "0.2",
          "pm25Flag": null,
          "pm10Flag": null,
          "o3Grade": "1",
          "pm10Value": "27",
          "khaiGrade": "1",
          "pm25Value": "15",
          "sidoName": "경북",
          "no2Flag": null,
          "no2Grade": "1",
          "o3Flag": null,
          "pm25Grade": "1",
          "so2Flag": null,
          "dataTime": "2022-08-16 21:00",
          "coGrade": "1",
          "no2Value": "0.026",
          "stationName": "칠곡군",
          "pm10Grade": "1",
          "o3Value": "0.004"
        },
        {
          "so2Grade": "1",
          "coFlag": "자료이상",
          "khaiValue": "48",
          "so2Value": "0.003",
          "coValue": "-",
          "pm25Flag": null,
          "pm10Flag": null,
          "o3Grade": "1",
          "pm10Value": "18",
          "khaiGrade": "1",
          "pm25Value": "8",
          "sidoName": "경북",
          "no2Flag": null,
          "no2Grade": "1",
          "o3Flag": null,
          "pm25Grade": "1",
          "so2Flag": null,
          "dataTime": "2022-08-16 21:00",
          "coGrade": null,
          "no2Value": "0.004",
          "stationName": "영덕읍",
          "pm10Grade": "1",
          "o3Value": "0.029"
        },
        {
          "so2Grade": "1",
          "coFlag": null,
          "khaiValue": "67",
          "so2Value": "0.001",
          "coValue": "0.3",
          "pm25Flag": null,
          "pm10Flag": null,
          "o3Grade": "2",
          "pm10Value": "16",
          "khaiGrade": "2",
          "pm25Value": "15",
          "sidoName": "경북",
          "no2Flag": null,
          "no2Grade": "1",
          "o3Flag": null,
          "pm25Grade": "1",
          "so2Flag": null,
          "dataTime": "2022-08-16 21:00",
          "coGrade": "1",
          "no2Value": "0.004",
          "stationName": "강구면",
          "pm10Grade": "1",
          "o3Value": "0.050"
        },
        {
          "so2Grade": "1",
          "coFlag": null,
          "khaiValue": "59",
          "so2Value": "0.001",
          "coValue": "0.3",
          "pm25Flag": null,
          "pm10Flag": null,
          "o3Grade": "2",
          "pm10Value": "26",
          "khaiGrade": "2",
          "pm25Value": "15",
          "sidoName": "경북",
          "no2Flag": null,
          "no2Grade": "1",
          "o3Flag": null,
          "pm25Grade": "1",
          "so2Flag": null,
          "dataTime": "2022-08-16 21:00",
          "coGrade": "1",
          "no2Value": "0.006",
          "stationName": "영해면",
          "pm10Grade": "1",
          "o3Value": "0.041"
        },
        {
          "so2Grade": "1",
          "coFlag": null,
          "khaiValue": "51",
          "so2Value": "0.002",
          "coValue": "0.3",
          "pm25Flag": null,
          "pm10Flag": null,
          "o3Grade": "2",
          "pm10Value": "12",
          "khaiGrade": "2",
          "pm25Value": "5",
          "sidoName": "경북",
          "no2Flag": null,
          "no2Grade": "1",
          "o3Flag": null,
          "pm25Grade": "1",
          "so2Flag": null,
          "dataTime": "2022-08-16 21:00",
          "coGrade": "1",
          "no2Value": "0.010",
          "stationName": "문경시",
          "pm10Grade": "1",
          "o3Value": "0.031"
        },
        {
          "so2Grade": "1",
          "coFlag": null,
          "khaiValue": "22",
          "so2Value": "0.002",
          "coValue": "0.4",
          "pm25Flag": null,
          "pm10Flag": null,
          "o3Grade": "1",
          "pm10Value": "15",
          "khaiGrade": "1",
          "pm25Value": "5",
          "sidoName": "경북",
          "no2Flag": null,
          "no2Grade": "1",
          "o3Flag": null,
          "pm25Grade": "1",
          "so2Flag": null,
          "dataTime": "2022-08-16 21:00",
          "coGrade": "1",
          "no2Value": "0.013",
          "stationName": "성주군",
          "pm10Grade": "1",
          "o3Value": "0.011"
        },
        {
          "so2Grade": "1",
          "coFlag": null,
          "khaiValue": "23",
          "so2Value": "0.001",
          "coValue": "0.3",
          "pm25Flag": "통신장애",
          "pm10Flag": null,
          "o3Grade": "1",
          "pm10Value": "23",
          "khaiGrade": "1",
          "pm25Value": "-",
          "sidoName": "경북",
          "no2Flag": null,
          "no2Grade": "1",
          "o3Flag": null,
          "pm25Grade": "1",
          "so2Flag": null,
          "dataTime": "2022-08-16 21:00",
          "coGrade": "1",
          "no2Value": "0.003",
          "stationName": "화북면",
          "pm10Grade": "1",
          "o3Value": "0.014"
        },
        {
          "so2Grade": "1",
          "coFlag": null,
          "khaiValue": "-",
          "so2Value": "0.002",
          "coValue": "0.4",
          "pm25Flag": "자료이상",
          "pm10Flag": null,
          "o3Grade": "1",
          "pm10Value": "27",
          "khaiGrade": null,
          "pm25Value": "-",
          "sidoName": "경북",
          "no2Flag": null,
          "no2Grade": "1",
          "o3Flag": null,
          "pm25Grade": null,
          "so2Flag": null,
          "dataTime": "2022-08-16 21:00",
          "coGrade": "1",
          "no2Value": "0.023",
          "stationName": "영천시",
          "pm10Grade": "1",
          "o3Value": "0.013"
        },
        {
          "so2Grade": null,
          "coFlag": "통신장애",
          "khaiValue": null,
          "so2Value": null,
          "coValue": null,
          "pm25Flag": "통신장애",
          "pm10Flag": "통신장애",
          "o3Grade": null,
          "pm10Value": null,
          "khaiGrade": null,
          "pm25Value": null,
          "sidoName": "경북",
          "no2Flag": "통신장애",
          "no2Grade": null,
          "o3Flag": "통신장애",
          "pm25Grade": null,
          "so2Flag": "통신장애",
          "dataTime": null,
          "coGrade": null,
          "no2Value": null,
          "stationName": "안계면(교외)",
          "pm10Grade": null,
          "o3Value": null
        },
        {
          "so2Grade": "1",
          "coFlag": null,
          "khaiValue": "33",
          "so2Value": "0.002",
          "coValue": "0.3",
          "pm25Flag": null,
          "pm10Flag": null,
          "o3Grade": "1",
          "pm10Value": "10",
          "khaiGrade": "1",
          "pm25Value": "9",
          "sidoName": "경북",
          "no2Flag": null,
          "no2Grade": "1",
          "o3Flag": null,
          "pm25Grade": "1",
          "so2Flag": null,
          "dataTime": "2022-08-16 21:00",
          "coGrade": "1",
          "no2Value": "0.007",
          "stationName": "의성읍",
          "pm10Grade": "1",
          "o3Value": "0.020"
        },
        {
          "so2Grade": "1",
          "coFlag": null,
          "khaiValue": "50",
          "so2Value": "0.002",
          "coValue": "0.2",
          "pm25Flag": null,
          "pm10Flag": null,
          "o3Grade": "1",
          "pm10Value": "16",
          "khaiGrade": "1",
          "pm25Value": "6",
          "sidoName": "경북",
          "no2Flag": null,
          "no2Grade": "1",
          "o3Flag": null,
          "pm25Grade": "1",
          "so2Flag": null,
          "dataTime": "2022-08-16 21:00",
          "coGrade": "1",
          "no2Value": "0.007",
          "stationName": "안계면",
          "pm10Grade": "1",
          "o3Value": "0.030"
        },
        {
          "so2Grade": null,
          "coFlag": null,
          "khaiValue": "-",
          "so2Value": "-",
          "coValue": "0.2",
          "pm25Flag": null,
          "pm10Flag": null,
          "o3Grade": "2",
          "pm10Value": "31",
          "khaiGrade": null,
          "pm25Value": "11",
          "sidoName": "경북",
          "no2Flag": null,
          "no2Grade": "1",
          "o3Flag": null,
          "pm25Grade": null,
          "so2Flag": "자료이상",
          "dataTime": "2022-08-16 21:00",
          "coGrade": "1",
          "no2Value": "0.004",
          "stationName": "울진군",
          "pm10Grade": "1",
          "o3Value": "0.050"
        },
        {
          "so2Grade": "1",
          "coFlag": null,
          "khaiValue": "37",
          "so2Value": "0.002",
          "coValue": "0.1",
          "pm25Flag": null,
          "pm10Flag": null,
          "o3Grade": "1",
          "pm10Value": "16",
          "khaiGrade": "1",
          "pm25Value": "11",
          "sidoName": "경북",
          "no2Flag": null,
          "no2Grade": "1",
          "o3Flag": null,
          "pm25Grade": "1",
          "so2Flag": null,
          "dataTime": "2022-08-16 21:00",
          "coGrade": "1",
          "no2Value": "0.003",
          "stationName": "석포면",
          "pm10Grade": "1",
          "o3Value": "0.022"
        },
        {
          "so2Grade": "1",
          "coFlag": null,
          "khaiValue": "37",
          "so2Value": "0.004",
          "coValue": "0.4",
          "pm25Flag": null,
          "pm10Flag": null,
          "o3Grade": "1",
          "pm10Value": "16",
          "khaiGrade": "1",
          "pm25Value": "1",
          "sidoName": "경북",
          "no2Flag": null,
          "no2Grade": "1",
          "o3Flag": null,
          "pm25Grade": "1",
          "so2Flag": null,
          "dataTime": "2022-08-16 21:00",
          "coGrade": "1",
          "no2Value": "0.006",
          "stationName": "봉화군청",
          "pm10Grade": "1",
          "o3Value": "0.022"
        },
        {
          "so2Grade": "1",
          "coFlag": null,
          "khaiValue": "-",
          "so2Value": "0.001",
          "coValue": "0.2",
          "pm25Flag": "자료이상",
          "pm10Flag": null,
          "o3Grade": "2",
          "pm10Value": "7",
          "khaiGrade": null,
          "pm25Value": "-",
          "sidoName": "경북",
          "no2Flag": null,
          "no2Grade": "1",
          "o3Flag": null,
          "pm25Grade": null,
          "so2Flag": null,
          "dataTime": "2022-08-16 21:00",
          "coGrade": "1",
          "no2Value": "0.002",
          "stationName": "태하리",
          "pm10Grade": "1",
          "o3Value": "0.043"
        },
        {
          "so2Grade": "1",
          "coFlag": null,
          "khaiValue": "59",
          "so2Value": "0.002",
          "coValue": "0.2",
          "pm25Flag": null,
          "pm10Flag": null,
          "o3Grade": "2",
          "pm10Value": "20",
          "khaiGrade": "2",
          "pm25Value": "7",
          "sidoName": "경북",
          "no2Flag": null,
          "no2Grade": "1",
          "o3Flag": null,
          "pm25Grade": "1",
          "so2Flag": null,
          "dataTime": "2022-08-16 21:00",
          "coGrade": "1",
          "no2Value": "0.005",
          "stationName": "울릉읍",
          "pm10Grade": "1",
          "o3Value": "0.041"
        },
        {
          "so2Grade": "1",
          "coFlag": null,
          "khaiValue": "17",
          "so2Value": "0.001",
          "coValue": "0.4",
          "pm25Flag": null,
          "pm10Flag": null,
          "o3Grade": "1",
          "pm10Value": "11",
          "khaiGrade": "1",
          "pm25Value": "3",
          "sidoName": "경북",
          "no2Flag": null,
          "no2Grade": "1",
          "o3Flag": null,
          "pm25Grade": "1",
          "so2Flag": null,
          "dataTime": "2022-08-16 21:00",
          "coGrade": "1",
          "no2Value": "0.008",
          "stationName": "대가야읍",
          "pm10Grade": "1",
          "o3Value": "0.010"
        },
        {
          "so2Grade": "1",
          "coFlag": null,
          "khaiValue": "27",
          "so2Value": "0.002",
          "coValue": "0.2",
          "pm25Flag": null,
          "pm10Flag": null,
          "o3Grade": "1",
          "pm10Value": "17",
          "khaiGrade": "1",
          "pm25Value": "6",
          "sidoName": "경북",
          "no2Flag": null,
          "no2Grade": "1",
          "o3Flag": null,
          "pm25Grade": "1",
          "so2Flag": null,
          "dataTime": "2022-08-16 21:00",
          "coGrade": "1",
          "no2Value": "0.003",
          "stationName": "군위읍",
          "pm10Grade": "1",
          "o3Value": "0.016"
        },
        {
          "so2Grade": "1",
          "coFlag": null,
          "khaiValue": "27",
          "so2Value": "0.002",
          "coValue": "0.2",
          "pm25Flag": null,
          "pm10Flag": null,
          "o3Grade": "1",
          "pm10Value": "19",
          "khaiGrade": "1",
          "pm25Value": "8",
          "sidoName": "경북",
          "no2Flag": null,
          "no2Grade": "1",
          "o3Flag": null,
          "pm25Grade": "1",
          "so2Flag": null,
          "dataTime": "2022-08-16 21:00",
          "coGrade": "1",
          "no2Value": "0.003",
          "stationName": "영양군",
          "pm10Grade": "1",
          "o3Value": "0.016"
        },
        {
          "so2Grade": "1",
          "coFlag": null,
          "khaiValue": "58",
          "so2Value": "0.003",
          "coValue": "0.2",
          "pm25Flag": null,
          "pm10Flag": null,
          "o3Grade": "2",
          "pm10Value": "27",
          "khaiGrade": "2",
          "pm25Value": "13",
          "sidoName": "경북",
          "no2Flag": null,
          "no2Grade": "1",
          "o3Flag": null,
          "pm25Grade": "1",
          "so2Flag": null,
          "dataTime": "2022-08-16 21:00",
          "coGrade": "1",
          "no2Value": "0.004",
          "stationName": "예천군",
          "pm10Grade": "1",
          "o3Value": "0.039"
        },
        {
          "so2Grade": "1",
          "coFlag": null,
          "khaiValue": "35",
          "so2Value": "0.002",
          "coValue": "0.2",
          "pm25Flag": null,
          "pm10Flag": null,
          "o3Grade": "1",
          "pm10Value": "9",
          "khaiGrade": "1",
          "pm25Value": "3",
          "sidoName": "경북",
          "no2Flag": null,
          "no2Grade": "1",
          "o3Flag": null,
          "pm25Grade": "1",
          "so2Flag": null,
          "dataTime": "2022-08-16 21:00",
          "coGrade": "1",
          "no2Value": "0.009",
          "stationName": "화양읍",
          "pm10Grade": "1",
          "o3Value": "0.021"
        },
        {
          "so2Grade": "1",
          "coFlag": null,
          "khaiValue": "72",
          "so2Value": "0.002",
          "coValue": "3.2",
          "pm25Flag": null,
          "pm10Flag": null,
          "o3Grade": "1",
          "pm10Value": "57",
          "khaiGrade": "2",
          "pm25Value": "33",
          "sidoName": "경북",
          "no2Flag": null,
          "no2Grade": "2",
          "o3Flag": null,
          "pm25Grade": "2",
          "so2Flag": null,
          "dataTime": "2022-08-16 21:00",
          "coGrade": "2",
          "no2Value": "0.031",
          "stationName": "포항항",
          "pm10Grade": "2",
          "o3Value": "0.007"
        },
        {
          "so2Grade": "1",
          "coFlag": null,
          "khaiValue": "40",
          "so2Value": "0.002",
          "coValue": "0.3",
          "pm25Flag": null,
          "pm10Flag": null,
          "o3Grade": "1",
          "pm10Value": "24",
          "khaiGrade": "1",
          "pm25Value": "11",
          "sidoName": "경북",
          "no2Flag": null,
          "no2Grade": "1",
          "o3Flag": null,
          "pm25Grade": "1",
          "so2Flag": null,
          "dataTime": "2022-08-16 21:00",
          "coGrade": "1",
          "no2Value": "0.004",
          "stationName": "청송읍",
          "pm10Grade": "1",
          "o3Value": "0.019"
        }
      ],
      "pageNo": 1,
      "numOfRows": 100
    },
    "header": {
      "resultMsg": "NORMAL_CODE",
      "resultCode": "00"
    }
  }
}
